trigram,freq
"('fight', 'club')",555
"('kobold', 'fight')",480
"('monster', 'manual')",349
"('google', 'doc')",163
"('pen', 'paper')",139
"('dungeon', 'master')",123
"('dm', 'guide')",109
"('google', 'drive')",100
"('master', 'guide')",100
"('player', 'handbook')",85
"('dm', 'screen')",81
"('graph', 'paper')",69
"('core', 'book')",62
"('character', 'sheet')",59
"('game', 'master')",57
"('random', 'generator')",56
"('fantasy', 'ground')",55
"('guide', 'monster')",50
"('random', 'table')",48
"('club', 'donjon')",47
"('microsoft', 'onenote')",47
"('roll', '20')",47
"('pencil', 'paper')",45
"('5th', 'edition')",41
"('microsoft', 'word')",40
"('grid', 'paper')",39
"('tabletop', 'audio')",39
"('dm', 'guild')",38
"('published', 'adventure')",38
"('master', '5')",37
"('google', 'image')",37
"('spellbook', 'app')",34
"('encounter', 'generator')",34
"('encounter', 'calculator')",34
"('dry', 'erase')",33
"('encounter', 'builder')",32
"('spell', 'card')",31
"('random', 'encounter')",30
"('campaign', 'book')",30
"('paper', 'pencil')",30
"('rule', 'book')",30
"('donjon', 'random')",29
"('dmg', 'mm')",28
"('source', 'book')",28
"('obsidian', 'portal')",27
"('fantasy', 'generator')",26
"('lion', 'den')",26
"('phb', 'dmg')",25
"('forgotten', 'realm')",25
"('roll20', 'google')",25
"('matt', 'colville')",24
"('core', 'rulebooks')",24
"('note', 'card')",24
"('dice', 'roller')",23
"('monster', 'manuel')",23
"('dmg', 'monster')",23
"('hero', 'lab')",23
"('edition', 'character')",22
"('tome', 'beast')",22
"('manual', 'dungeon')",22
"('dd', '5e')",22
"('club', 'dmg')",21
"('donjon', 'kobold')",21
"('dm', 'tool')",21
"('app', 'android')",21
"('sheet', 'app')",20
"('club', '5')",20
"('npc', 'generator')",20
"('image', 'search')",20
"('initiative', 'tracker')",20
"('5e', 'spellbook')",20
"('google', 'hangout')",19
"('club', 'roll20')",19
"('don', 'jon')",19
"('phb', 'mm')",19
"('roll20', 'kobold')",19
"('mm', 'dmg')",19
"('handbook', 'monster')",19
"('pathfinder', 'pawn')",19
"('adventure', 'book')",18
"('sly', 'flourish')",18
"('treasure', 'generator')",18
"('white', 'board')",18
"('realm', 'work')",18
"('5e', 'character')",18
"('onenote', 'kobold')",18
"('android', 'app')",18
"('core', 'rule')",17
"('magic', 'item')",17
"('dungeon', 'tile')",16
"('realm', 'wiki')",16
"('dmg', 'phb')",16
"('kobold', 'club')",16
"('club', 'reddit')",16
"('dnd', '5e')",16
"('manual', 'player')",16
"('club', 'google')",16
"('5e', 'book')",15
"('google', 'sheet')",15
"('club', 'encounter')",15
"('manual', 'dmg')",15
"('loot', 'generator')",15
"('roll20', 'reddit')",15
"('donjon', '5e')",14
"('unearthed', 'arcanum')",14
"('onenote', 'roll20')",14
"('manual', 'google')",14
"('donjon', 'website')",14
"('dd', 'book')",14
"('matt', 'mercer')",14
"('complete', 'reference')",14
"('character', 'creator')",14
"('grid', 'map')",14
"('battle', 'mat')",14
"('wet', 'erase')",14
"('tabletop', 'simulator')",14
"('official', 'book')",14
"('cheat', 'sheet')",13
"('club', 'monster')",13
"('edition', 'dm')",13
"('microsoft', 'excel')",13
"('stat', 'block')",13
"('book', 'reddit')",13
"('battle', 'map')",13
"('5', 'app')",12
"('dd', 'subreddits')",12
"('paper', 'google')",12
"('club', '5e')",12
"('dwarven', 'forge')",12
"('critical', 'role')",12
"('online', 'resource')",12
"('sticky', 'note')",12
"('spell', 'list')",12
"('online', 'generator')",12
"('manual', 'reddit')",12
"('note', 'book')",12
"('3x5', 'card')",12
"('manual', 'dm')",12
"('handbook', 'dungeon')",12
"('published', 'book')",11
"('map', 'maker')",11
"('dm', 'minion')",11
"('erase', 'marker')",11
"('online', 'encounter')",11
"('book', 'online')",11
"('google', 'keep')",11
"('book', 'internet')",11
"('paper', 'pen')",11
"('doc', 'google')",11
"('rpg', 'tool')",11
"('roll20', 'donjon')",11
"('background', 'music')",11
"('gamemaster', '5')",11
"('paper', 'notebook')",11
"('token', 'tool')",10
"('tool', 'app')",10
"('gm', 'screen')",10
"('onenote', 'donjon')",10
"('inkarnate', 'map')",10
"('monster', 'stat')",10
"('campaign', 'cartographer')",10
"('notebook', 'pencil')",10
"('5', 'spellbook')",10
"('onenote', 'google')",10
"('dungeon', 'generator')",10
"('den', 'game')",10
"('random', 'dungeon')",10
"('dd', '5')",10
"('volos', 'guide')",10
"('combat', 'encounter')",10
"('donjon', 'tool')",10
"('npc', 'name')",10
"('paper', 'dice')",9
"('io', 'app')",9
"('paper', 'imagination')",9
"('5e', 'app')",9
"('adobe', 'photoshop')",9
"('manual', 'kobold')",9
"('gm', 'tip')",9
"('youtube', 'music')",9
"('quick', 'reference')",9
"('5e', 'spell')",9
"('angry', 'gm')",9
"('initiative', 'card')",9
"('matthew', 'colville')",9
"('spellbook', 'android')",9
"('microsoft', 'note')",9
"('paper', 'note')",9
"('book', 'note')",9
"('published', 'material')",9
"('wotc', 'book')",9
"('dungeon', 'painter')",9
"('book', 'google')",9
"('m', 'word')",9
"('online', 'dice')",9
"('guide', 'kobold')",9
"('spell', 'book')",9
"('erase', 'board')",8
"('5', 'io')",8
"('dmg', 'reddit')",8
"('encounter', 'table')",8
"('dnd', 'book')",8
"('club', 'app')",8
"('book', 'dice')",8
"('pyromancer', 'dungeon')",8
"('reddit', 'dd')",8
"('m', 'paint')",8
"('donjon', 'reddit')",8
"('roll20', 'map')",8
"('5e', 'monster')",8
"('online', 'map')",8
"('dd', 'wiki')",8
"('generator', 'app')",8
"('spellbook', 'card')",8
"('youtube', 'video')",8
"('dnd', 'wiki')",8
"('ipad', 'app')",8
"('roll20', 'onenote')",8
"('onenote', 'reddit')",8
"('kobald', 'fight')",8
"('monster', 'stats')",8
"('spell', 'app')",8
"('club', 'don')",8
"('dungeon', 'map')",8
"('adobe', 'acrobat')",8
"('cue', 'card')",8
"('excel', 'spreadsheet')",8
"('source', 'material')",8
"('lazy', 'dm')",8
"('dmg', 'google')",7
"('paper', 'monster')",7
"('master', 'guild')",7
"('word', 'processor')",7
"('map', 'making')",7
"('paper', 'map')",7
"('phone', 'app')",7
"('campaign', 'setting')",7
"('word', 'excel')",7
"('excel', 'word')",7
"('sound', 'effect')",7
"('book', 'monster')",7
"('flip', 'mat')",7
"('club', 'dnd')",7
"('guide', 'player')",7
"('app', 'monster')",7
"('roll20', 'monster')",7
"('mini', 'map')",7
"('pdfs', 'book')",7
"('running', 'game')",7
"('spotify', 'playlist')",7
"('dmg', 'kobold')",7
"('reference', 'app')",7
"('donjon', 'generator')",7
"('3rd', 'party')",7
"('roll20', 'photoshop')",7
"('random', 'npc')",7
"('5e', 'dmg')",7
"('drawing', 'map')",7
"('goblinist', 'encounter')",7
"('adventure', 'module')",7
"('google', 'search')",7
"('master', '5e')",7
"('monster', 'card')",7
"('notebook', 'monster')",7
"('premade', 'adventure')",7
"('map', 'generator')",7
"('hand', 'drawn')",7
"('kobolds', 'fight')",7
"('club', 'random')",7
"('encounter', 'difficulty')",7
"('app', 'dmg')",6
"('inch', 'grid')",6
"('map', 'mini')",6
"('roll20', 'token')",6
"('sword', 'coast')",6
"('pencil', 'dice')",6
"('map', 'miniature')",6
"('5e', 'srd')",6
"('map', 'roll20')",6
"('roll20', 'evernote')",6
"('generator', 'roll20')",6
"('google', 'spreadsheet')",6
"('natural', 'crit')",6
"('dnd', 'subreddits')",6
"('bluetooth', 'speaker')",6
"('google', 'document')",6
"('microsoft', 'office')",6
"('koboldclub', 'reddit')",6
"('goblinist', 'random')",6
"('5e', 'dm')",6
"('story', 'cube')",6
"('dnd', 'monster')",6
"('book', 'roll20')",6
"('doc', 'kobold')",6
"('notebook', 'pen')",6
"('initiative', 'tracking')",6
"('reddit', 'idea')",6
"('reddit', 'dm')",6
"('manual', 'notebook')",6
"('card', 'monster')",6
"('guide', 'reddit')",6
"('master', 'screen')",6
"('mercer', 'gm')",6
"('kobold', 'fightclub')",6
"('club', 'onenote')",6
"('club', 'tabletop')",6
"('book', 'pen')",6
"('table', 'dmg')",6
"('fantasy', 'novel')",6
"('donjon', 'dmg')",6
"('generator', 'random')",6
"('club', 'note')",6
"('reddit', 'youtube')",6
"('donjon', 'rpg')",6
"('word', 'document')",6
"('roll20', 'pen')",6
"('donjon', 'roll20')",6
"('paper', 'mini')",6
"('1', 'inch')",6
"('monster', 'maker')",6
"('text', 'editor')",5
"('donjon', 'fantasy')",5
"('encounter', 'sheet')",5
"('module', 'book')",5
"('npc', 'monster')",5
"('chessex', 'battlemat')",5
"('handbook', 'dm')",5
"('map', 'monster')",5
"('club', 'official')",5
"('dm', 'book')",5
"('generator', 'donjon')",5
"('note', 'reddit')",5
"('card', 'note')",5
"('android', 'tablet')",5
"('dungeon', 'magazine')",5
"('gale', 'force')",5
"('dungeon', 'builder')",5
"('note', 'pad')",5
"('force', '9')",5
"('dmg', 'ph')",5
"('online', 'dm')",5
"('note', 'laptop')",5
"('combat', 'map')",5
"('apple', 'note')",5
"('reddit', 'dmg')",5
"('manual', 'phb')",5
"('mobile', 'apps')",5
"('club', 'donjonbinsh')",5
"('card', 'app')",5
"('photoshop', 'google')",5
"('roll20', 'dm')",5
"('item', 'card')",5
"('roll', 'table')",5
"('pencil', 'notebook')",5
"('character', 'generator')",5
"('sheet', 'npc')",5
"('pdf', 'reader')",5
"('guide', 'book')",5
"('word', 'roll20')",5
"('manual', 'tome')",5
"('ph', 'dmg')",5
"('erase', 'mat')",5
"('watching', 'critical')",5
"('dnd', 'subreddit')",5
"('club', 'dm')",5
"('5', 'ipad')",5
"('club', 'core')",5
"('gamemaster', '5e')",5
"('tool', 'dmg')",5
"('book', 'notebook')",5
"('matt', 'colvilles')",5
"('youtube', 'channel')",5
"('photoshop', 'map')",5
"('campaign', 'note')",5
"('generator', 'dm')",5
"('video', 'game')",5
"('generator', 'dmg')",5
"('roll20', 'dmg')",5
"('dice', 'tower')",5
"('app', 'ipad')",5
"('npc', 'card')",5
"('reddit', 'onenote')",5
"('erase', 'map')",5
"('guild', 'google')",5
"('whiteboard', 'marker')",5
"('encounter', 'building')",5
"('easel', 'pad')",5
"('club', 'goblinist')",5
"('random', 'name')",5
"('drawn', 'map')",5
"('notebook', 'paper')",5
"('dd', 'reddit')",5
"('dm', 'cheat')",5
"('card', 'generator')",5
"('donjon', 'google')",5
"('facebook', 'group')",5
"('main', 'book')",5
"('online', 'forum')",5
"('spotify', 'music')",5
"('book', 'app')",5
"('youtube', 'playlist')",5
"('roll20', 'dungeon')",5
"('5e', 'complete')",5
"('flash', 'card')",5
"('character', 'creation')",5
"('donjon', 'monster')",5
"('postit', 'note')",5
"('plot', 'hook')",5
"('miniature', 'map')",5
"('app', 'dd')",5
"('table', 'top')",5
"('magnetic', 'initiative')",5
"('player', 'guide')",5
"('player', 'feedback')",5
"('critter', 'db')",5
"('random', 'chart')",4
"('list', 'monster')",4
"('paper', 'laptop')",4
"('dd', 'monster')",4
"('chessex', 'grid')",4
"('dd', 'spell')",4
"('small', 'notepad')",4
"('onenote', 'excel')",4
"('generator', 'online')",4
"('music', 'playlist')",4
"('reference', 'sheet')",4
"('gimp', 'google')",4
"('dm', 'binder')",4
"('m', 'onenote')",4
"('tracking', 'sheet')",4
"('rorys', 'story')",4
"('fantasy', 'book')",4
"('adventure', 'design')",4
"('manual', 'miniature')",4
"('3', 'core')",4
"('evernote', 'google')",4
"('youtube', 'reddit')",4
"('pencil', 'graph')",4
"('roll20', 'discord')",4
"('dmg', 'dd')",4
"('club', 'matt')",4
"('map', 'microsoft')",4
"('list', 'random')",4
"('book', 'dungeon')",4
"('dm', 'scotty')",4
"('initiative', 'board')",4
"('book', 'player')",4
"('book', 'card')",4
"('making', 'tool')",4
"('donjon', 'dungeon')",4
"('app', 'dm')",4
"('basic', 'rule')",4
"('manual', 'donjon')",4
"('roll20', 'book')",4
"('generator', 'reddit')",4
"('word', 'microsoft')",4
"('track', 'initiative')",4
"('goblinist', 'donjon')",4
"('adventure', 'log')",4
"('chessex', 'battle')",4
"('audio', 'donjon')",4
"('manual', 'map')",4
"('club', 'dd')",4
"('keep', 'track')",4
"('manual', 'internet')",4
"('keeping', 'track')",4
"('roll20', 'notepad')",4
"('draw', 'map')",4
"('reddit', 'forum')",4
"('reddit', 'inspiration')",4
"('paper', 'core')",4
"('music', 'sound')",4
"('ipad', 'kobold')",4
"('random', 'magic')",4
"('guide', 'google')",4
"('book', 'paper')",4
"('donjon', 'site')",4
"('onenote', 'photoshop')",4
"('player', 'background')",4
"('dmg', 'random')",4
"('excel', 'sheet')",4
"('doc', 'monster')",4
"('lot', 'lot')",4
"('apps', 'note')",4
"('map', 'tool')",4
"('good', 'ol')",4
"('dmg', 'donjon')",4
"('reddit', 'roll20')",4
"('book', 'dm')",4
"('online', 'random')",4
"('game', 'book')",4
"('wotc', 'website')",4
"('active', 'imagination')",4
"('builder', 'online')",4
"('note', 'note')",4
"('5e', 'fight')",4
"('list', 'npc')",4
"('excel', 'combat')",4
"('dm', 'handbook')",4
"('generator', 'google')",4
"('table', 'donjon')",4
"('prewritten', 'adventure')",4
"('vinyl', 'grid')",4
"('dice', 'book')",4
"('club', 'game')",4
"('roll20', 'tokentool')",4
"('drive', 'google')",4
"('published', 'module')",4
"('card', 'notebook')",4
"('doc', 'reddit')",4
"('favorite', 'tool')",4
"('handbook', 'reddit')",4
"('npc', 'character')",4
"('dmg', 'online')",4
"('paper', 'card')",4
"('story', 'hook')",4
"('paper', 'brain')",4
"('paper', 'player')",4
"('doc', 'roll20')",4
"('book', 'inspiration')",4
"('item', 'generator')",4
"('legal', 'pad')",4
"('naturalcrit', 'homebrewery')",4
"('wotc', 'published')",4
"('game', 'player')",4
"('notepad', 'monster')",4
"('note', 'google')",4
"('note', 'kobold')",4
"('mm', 'phb')",4
"('adventure', 'guide')",4
"('random', 'treasure')",4
"('cr', 'calculator')",4
"('manual', 'pen')",4
"('roll20', '5e')",4
"('dmg', 'volos')",4
"('work', 'hero')",4
"('dont', 'tool')",4
"('reddit', 'google')",4
"('roll20', 'srd')",4
"('club', 'online')",4
"('kobold', 'encounter')",4
"('dd', 'source')",4
"('cartographer', '3')",4
"('website', 'kobold')",4
"('spell', 'grimoire')",4
"('doc', 'note')",4
"('homebrew', 'monster')",4
"('club', '5th')",4
"('music', 'set')",4
"('reddit', 'matt')",4
"('guide', 'random')",4
"('manual', 'inspiration')",4
"('inspiration', 'dm')",4
"('app', 'dice')",4
"('app', 'notebook')",4
"('reddit', 'reddit')",4
"('campaign', 'logger')",4
"('surface', 'pro')",4
"('grid', 'mat')",4
"('erase', 'grid')",4
"('talking', 'player')",4
"('prep', 'time')",4
"('adobe', 'illustrator')",4
"('3d', 'printer')",4
"('guide', 'dd')",4
"('tool', 'android')",4
"('manual', 'dice')",4
"('roll20', 'inkarnate')",4
"('note', 'paper')",4
"('book', 'imagination')",4
"('card', 'dry')",4
"('published', 'campaign')",4
"('card', 'dm')",4
"('pen', 'notebook')",4
"('drive', 'kobold')",4
"('reddit', 'source')",4
"('5', 'game')",4
"('map', 'online')",4
"('generator', 'youtube')",3
"('difficulty', 'calculator')",3
"('personal', 'notebook')",3
"('mood', 'music')",3
"('dnd', 'handbook')",3
"('notebook', 'roll20')",3
"('club', 'm')",3
"('onenote', 'notebook')",3
"('3d', 'terrain')",3
"('donjon', 'excel')",3
"('monster', 'statistic')",3
"('lab', 'monster')",3
"('generator', 'map')",3
"('laptop', 'easy')",3
"('laptop', 'google')",3
"('notebook', 'reddit')",3
"('paper', 'kobold')",3
"('laser', 'printer')",3
"('giant', 'playground')",3
"('quick', 'npc')",3
"('digital', 'pdfs')",3
"('combat', 'calculator')",3
"('club', 'pen')",3
"('jon', 'fantasy')",3
"('goblinist', 'kobold')",3
"('notebook', 'dice')",3
"('campaign', 'management')",3
"('lost', 'mine')",3
"('jon', 'rpg')",3
"('club', 'website')",3
"('doc', 'notebook')",3
"('wiki', 'dmg')",3
"('club', 'inkarnate')",3
"('resource', 'book')",3
"('note', 'notebook')",3
"('5', 'fight')",3
"('app', 'loot')",3
"('roll20', 'orcpub')",3
"('simulator', 'kobold')",3
"('encounter', 'balance')",3
"('monster', 'creation')",3
"('roll20', 'gimp')",3
"('roll20', 'pyromancer')",3
"('tablet', 'phone')",3
"('map', 'module')",3
"('notepad', 'roll20')",3
"('hex', 'grid')",3
"('koboldclub', 'encounter')",3
"('excel', 'onenote')",3
"('android', 'apps')",3
"('map', '3')",3
"('official', 'dnd')",3
"('manual', 'volos')",3
"('reddit', 'book')",3
"('roll20', 'player')",3
"('paper', 'lot')",3
"('club', 'syrinscape')",3
"('mm', 'reddit')",3
"('master', '5th')",3
"('roll20', 'fantasy')",3
"('book', 'mind')",3
"('dd', 'adventure')",3
"('paper', 'book')",3
"('pen', 'dice')",3
"('combat', 'manager')",3
"('manual', '5e')",3
"('premade', 'module')",3
"('5e', 'quick')",3
"('keep', 'note')",3
"('koboldclub', 'donjonbinsh')",3
"('donjon', 'goblinist')",3
"('note', 'app')",3
"('movie', 'comic')",3
"('photoshop', 'roll20')",3
"('map', 'display')",3
"('roll20', 'microsoft')",3
"('older', 'edition')",3
"('5e', 'apps')",3
"('small', 'white')",3
"('dm', 'holleys')",3
"('card', 'initiative')",3
"('note', 'donjon')",3
"('combat', 'tracking')",3
"('book', 'phb')",3
"('location', 'npc')",3
"('random', 'generation')",3
"('bound', 'notebook')",3
"('reddit', 'thread')",3
"('photoshop', 'note')",3
"('pyromancer', 'map')",3
"('notebook', 'graph')",3
"('note', 'dungeon')",3
"('ph', 'mm')",3
"('official', 'wotc')",3
"('making', 'map')",3
"('roll20', 'koboldfightclub')",3
"('book', 'kobold')",3
"('best', 'tool')",3
"('app', 'character')",3
"('dnd', 'apps')",3
"('app', 'roll20')",3
"('pad', 'paper')",3
"('donjon', 'koboldfightclub')",3
"('edition', 'book')",3
"('doc', 'photoshop')",3
"('table', 'monster')",3
"('manual', 'youtube')",3
"('colville', 'video')",3
"('campaign', 'binder')",3
"('hexographer', 'dungeonographer')",3
"('book', 'adventure')",3
"('ring', 'binder')",3
"('map', 'npc')",3
"('goblinist', 'rpg')",3
"('microsoft', 'paint')",3
"('dice', 'rolling')",3
"('minion', 'android')",3
"('reddit', 'spotify')",3
"('adventure', 'path')",3
"('book', 'dd')",3
"('voice', 'recorder')",3
"('monster', 'npc')",3
"('dungeon', 'dragon')",3
"('generator', 'treasure')",3
"('post', 'note')",3
"('thing', 'book')",3
"('drive', 'photoshop')",3
"('idea', 'reddit')",3
"('word', 'doc')",3
"('club', 'dungeon')",3
"('evernote', 'donjon')",3
"('map', 'good')",3
"('manual', 'dd')",3
"('online', 'blog')",3
"('online', 'source')",3
"('npc', 'encounter')",3
"('club', 'donjonsh')",3
"('3x5', 'note')",3
"('roll20', 'koboldclub')",3
"('reddit', 'handbook')",3
"('1st', 'edition')",3
"('dd', 'game')",3
"('random', 'gen')",3
"('dmg', 'dice')",3
"('monster', 'day')",3
"('discord', 'voice')",3
"('map', 'big')",3
"('den', 'fight')",3
"('track', 'npc')",3
"('spellbook', 'apps')",3
"('npc', 'note')",3
"('handbook', 'dnd')",3
"('voice', 'chat')",3
"('paper', 'dm')",3
"('prepared', 'adventure')",3
"('combat', 'tracker')",3
"('set', 'mood')",3
"('dd', 'subreddit')",3
"('colville', 'youtube')",3
"('map', 'random')",3
"('club', 'phb')",3
"('excel', 'monster')",3
"('dd', '5th')",3
"('magic', 'card')",3
"('composition', 'notebook')",3
"('paper', 'marker')",3
"('edition', 'dungeon')",3
"('5e', 'encounter')",3
"('rdnd', 'rdndnext')",3
"('image', 'monster')",3
"('master', 'plan')",3
"('online', 'tool')",3
"('creator', 'app')",3
"('holleys', 'encounter')",3
"('sheet', 'google')",3
"('reddit', 'online')",3
"('encounter', 'planning')",3
"('map', 'token')",3
"('card', 'mini')",3
"('club', 'fight')",3
"('app', 'player')",3
"('manual', 'online')",3
"('map', 'book')",3
"('table', 'random')",3
"('ground', 'roll20')",3
"('paper', 'mind')",3
"('generator', '5e')",3
"('combat', 'generator')",3
"('3d', 'virtual')",3
"('ground', 'google')",3
"('rulebooks', 'google')",3
"('online', 'spell')",3
"('inspiration', 'reddit')",3
"('flourish', 'encounter')",3
"('snipping', 'tool')",3
"('onenote', 'dm')",3
"('book', 'campaign')",3
"('written', 'adventure')",3
"('manuel', 'dm')",3
"('dmg', 'table')",3
"('note', 'dice')",3
"('generator', 'apps')",3
"('reddit', 'random')",3
"('spread', 'sheet')",3
"('spotify', 'google')",3
"('generator', 'encounter')",3
"('notebook', 'card')",3
"('drive', 'adobe')",3
"('deviant', 'art')",3
"('5e', 'source')",3
"('dmg', 'note')",3
"('online', 'treasure')",3
"('donjon', 'onenote')",3
"('setting', 'book')",3
"('roll20', 'music')",3
"('fellow', 'dm')",3
"('dnd', 'spell')",3
"('dice', 'pen')",3
"('dmg', 'magic')",3
"('evernote', 'roll20')",3
"('book', 'mini')",3
"('play', 'music')",3
"('5e', 'core')",3
"('character', 'builder')",3
"('lazy', 'dungeon')",3
"('ambient', 'music')",3
"('gm', 'blog')",3
"('card', 'magic')",3
"('master', 'app')",3
"('great', 'tool')",3
"('screen', 'card')",3
"('1', 'kobold')",3
"('work', 'fiction')",3
"('card', 'android')",3
"('player', 'handout')",3
"('dmg', 'homebrew')",3
"('google', 'book')",3
"('combat', 'pad')",3
"('audio', 'kobold')",3
"('dd', 'spellbook')",3
"('onenote', 'pathfinder')",3
"('onenote', 'dry')",3
"('random', 'loot')",3
"('curse', 'strahd')",3
"('dmg', 'internet')",3
"('notecards', 'ipad')",3
"('phone', 'apps')",3
"('club', 'microsoft')",3
"('tome', 'adventure')",3
"('book', 'grid')",3
"('screen', 'initiative')",3
"('homebrew', 'stuff')",3
"('inspiration', 'google')",3
"('m', 'excel')",3
"('paper', 'resource')",3
"('app', '5th')",3
"('table', 'dm')",3
"('spell', 'monster')",3
"('generator', 'dungeon')",3
"('ground', 'kobold')",3
"('mpmbs', 'character')",3
"('pencil', 'eraser')",3
"('spellbook', 'ap')",3
"('app', 'spell')",3
"('ambient', 'sound')",3
"('wizard', 'coast')",3
"('homebrewery', 'donjon')",3
"('book', 'game')",3
"('pencil', 'google')",3
"('4th', 'edition')",3
"('book', 'ipad')",3
"('poker', 'chip')",3
"('apps', 'google')",3
"('walter', 'kammerer')",3
"('m', 'note')",3
"('generator', 'kobold')",3
"('tool', 'core')",3
"('dd', 'tool')",3
"('photoshop', 'notebook')",3
"('good', 'map')",3
"('reddit', 'good')",3
"('app', 'google')",3
"('bing', 'image')",3
"('challenge', 'rating')",3
"('virtual', 'tabletop')",3
"('encounter', '3')",3
"('5e', 'tool')",3
"('laptop', 'onenote')",3
"('grid', 'easel')",3
"('rpg', 'card')",3
"('card', 'encounter')",3
"('pinterest', 'find')",3
"('top', 'simulator')",3
"('book', 'dnd')",3
"('chaotic', 'shiny')",3
"('edition', 'spellbook')",3
"('card', 'handout')",3
"('paper', 'creativity')",3
"('moment', 'notice')",3
"('official', 'adventure')",3
"('list', 'name')",3
"('book', 'module')",3
"('book', 'notepad')",3
"('paizo', 'flip')",3
"('npc', 'portrait')",3
"('gimp', 'map')",3
"('google', 'roll20')",3
"('kindle', 'fire')",3
"('improved', 'initiative')",3
"('paper', 'prop')",2
"('generator', 'npc')",2
"('book', 'mythology')",2
"('roll20', 'running')",2
"('sheet', 'item')",2
"('adventurer', 'guide')",2
"('dnd', 'dmg')",2
"('projector', 'online')",2
"('kolbold', 'fight')",2
"('app', 'paper')",2
"('gimp', 'inkscape')",2
"('fantasy', 'picture')",2
"('ruled', 'notebook')",2
"('brain', 'book')",2
"('previous', 'edition')",2
"('encounter', 'designer')",2
"('terrain', 'piece')",2
"('donjon', 'youtube')",2
"('monster', 'chart')",2
"('onenote', 'adobe')",2
"('printable', 'map')",2
"('abulafia', 'random')",2
"('real', 'time')",2
"('poster', 'map')",2
"('5e', 'npc')",2
"('doc', 'online')",2
"('read', 'read')",2
"('photoshop', 'reddit')",2
"('dmg', 'graph')",2
"('encounter', 'xp')",2
"('internet', 'map')",2
"('book', 'idea')",2
"('inspiration', 'dungeon')",2
"('treasure', 'hoard')",2
"('play', 'mat')",2
"('detailed', 'map')",2
"('inspiration', 'music')",2
"('interesting', 'encounter')",2
"('picture', 'inspiration')",2
"('guide', 'phb')",2
"('ipad', 'pro')",2
"('campaign', 'blog')",2
"('photoshop', 'dd')",2
"('battle', 'grid')",2
"('manual', 'dropbox')",2
"('koboldclub', 'microsoft')",2
"('guide', 'manual')",2
"('idea', 'note')",2
"('monster', 'creator')",2
"('notebook', 'dm')",2
"('site', 'monster')",2
"('adam', 'koebels')",2
"('map', 'photoshop')",2
"('sheet', 'android')",2
"('tablet', 'music')",2
"('loot', 'table')",2
"('roll20', 'tool')",2
"('paper', 'pad')",2
"('app', 'microsoft')",2
"('paper', 'online')",2
"('random', 'event')",2
"('reddit', 'rdnd')",2
"('daves', 'mapper')",2
"('map', 'situation')",2
"('android', 'kobold')",2
"('randomizer', 'monster')",2
"('table', 'core')",2
"('picture', 'reddit')",2
"('card', 'pathfinder')",2
"('card', 'pencil')",2
"('app', 'edition')",2
"('pdf', 'viewer')",2
"('book', 'blog')",2
"('location', 'party')",2
"('notebook', 'full')",2
"('roll20', 'graph')",2
"('ground', 'fantasy')",2
"('donjon', 'loot')",2
"('ahead', 'time')",2
"('item', 'price')",2
"('drive', 'writing')",2
"('doc', 'dd')",2
"('donjon', 'lot')",2
"('doc', 'campaign')",2
"('guide', 'notebook')",2
"('coded', '3x5')",2
"('fantasy', 'music')",2
"('npc', 'generation')",2
"('league', 'adventure')",2
"('wax', 'seal')",2
"('music', 'dice')",2
"('card', 'item')",2
"('exercise', 'book')",2
"('healthy', 'dose')",2
"('crafting', 'channel')",2
"('large', 'format')",2
"('projector', 'map')",2
"('reading', 'book')",2
"('pregenerated', 'map')",2
"('building', 'encounter')",2
"('phb', 'kobold')",2
"('excel', 'spread')",2
"('donjon', 'rpgtinker')",2
"('table', 'reddit')",2
"('appropriate', 'book')",2
"('wrapping', 'paper')",2
"('building', 'npc')",2
"('9', 'spell')",2
"('github', 'grimoire')",2
"('google', 'monster')",2
"('google', 'dice')",2
"('book', 'rule')",2
"('dice', 'app')",2
"('club', 'lion')",2
"('name', 'place')",2
"('thing', 'hand')",2
"('dryerase', 'marker')",2
"('calculator', 'pen')",2
"('initiative', 'tent')",2
"('orcpub', 'reddit')",2
"('map', '3x5')",2
"('book', 'homebrew')",2
"('treasure', 'table')",2
"('imagination', 'reddit')",2
"('writing', 'monster')",2
"('craft', 'store')",2
"('card', 'treasure')",2
"('guild', 'material')",2
"('lot', 'table')",2
"('guide', 'lot')",2
"('portal', 'roll20')",2
"('app', 'kobold')",2
"('hexographer', 'map')",2
"('random', 'map')",2
"('lot', 'time')",2
"('dice', 'dmg')",2
"('improv', 'skill')",2
"('club', 'physical')",2
"('bag', 'dice')",2
"('module', 'imagination')",2
"('board', 'npc')",2
"('reddit', 'critical')",2
"('create', 'player')",2
"('music', 'miniature')",2
"('lot', 'paper')",2
"('tool', '5e')",2
"('paper', 'ruler')",2
"('donjon', 'spotify')",2
"('wizard', 'book')",2
"('drive', 'spotify')",2
"('tool', 'google')",2
"('sheet', 'encounter')",2
"('notepad', 'pen')",2
"('encounter', 'design')",2
"('erasable', 'marker')",2
"('dmg', 'player')",2
"('guide', 'encounter')",2
"('spell', 'viewer')",2
"('dnd', 'podcasts')",2
"('table', 'note')",2
"('dropbox', 'game')",2
"('card', 'white')",2
"('3', 'campaign')",2
"('rule', '3')",2
"('paper', 'srd')",2
"('free', 'adventure')",2
"('drive', 'roll20')",2
"('koboldclub', 'matt')",2
"('colored', 'pencil')",2
"('dd', 'complete')",2
"('paper', 'evernote')",2
"('tokentool', 'token')",2
"('roll20', 'amazing')",2
"('drive', 'online')",2
"('virtual', 'battlemap')",2
"('loot', 'idea')",2
"('roll20', 'tokentools')",2
"('notebook', 'imagination')",2
"('roll20', 'random')",2
"('website', 'quick')",2
"('map', 'software')",2
"('idea', 'kobold')",2
"('5', 'feudz')",2
"('word', 'onenote')",2
"('spend', 'lot')",2
"('tool', 'skype')",2
"('website', 'donjonbinsh')",2
"('generation', 'table')",2
"('2', 'pdfs')",2
"('gimp', 'token')",2
"('pathfinder', 'core')",2
"('map', 'skype')",2
"('group', 'chat')",2
"('top', 'audio')",2
"('imagination', 'monster')",2
"('google', 'reddit')",2
"('book', 'brain')",2
"('book', 'copious')",2
"('miniature', 'image')",2
"('spellbook', '5e')",2
"('paper', 'journal')",2
"('monster', 'workbench')",2
"('table', 'phb')",2
"('dd', 'combat')",2
"('20', 'fantasy')",2
"('player', 'note')",2
"('donjonbinsh', 'wotc')",2
"('three', 'core')",2
"('guide', 'watching')",2
"('roll20', 'obsidian')",2
"('table', 'music')",2
"('lore', 'wikis')",2
"('master', 'ipad')",2
"('manuel', 'dmg')",2
"('map', 'tile')",2
"('paper', 'dmg')",2
"('adventure', 'dm')",2
"('paper', 'computer')",2
"('encounter', 'worksheet')",2
"('map', 'find')",2
"('homebrew', 'reddit')",2
"('map', '1')",2
"('onenote', 'rdndbehindthescreen')",2
"('xp', 'calculator')",2
"('notebook', 'game')",2
"('paper', 'onenote')",2
"('guide', 'pathfinder')",2
"('computer', 'note')",2
"('bounce', 'idea')",2
"('paper', 'image')",2
"('dnd', 'reddit')",2
"('google', 'play')",2
"('dndnext', 'reddit')",2
"('guide', 'wotc')",2
"('mike', 'schleys')",2
"('nerzugals', 'dm')",2
"('roll20', 'homebrewery')",2
"('good', 'fashioned')",2
"('ipad', 'encounter')",2
"('word', 'processing')",2
"('foam', 'board')",2
"('club', 'roll20s')",2
"('map', 'hand')",2
"('plan', 'master')",2
"('sheet', 'apps')",2
"('dd', 'podcasts')",2
"('movie', 'book')",2
"('ground', 'random')",2
"('excel', 'whiteboard')",2
"('youtube', 'mp3')",2
"('google', 'imagination')",2
"('material', 'book')",2
"('club', 'pinterest')",2
"('chris', 'perkins')",2
"('player', 'hand')",2
"('roll20', 'brewery')",2
"('wizard', 'website')",2
"('matt', 'coville')",2
"('google', 'music')",2
"('5e', 'ipad')",2
"('dmg', 'info')",2
"('work', 'campaign')",2
"('original', 'campaign')",2
"('app', 'random')",2
"('complete', '5th')",2
"('app', '5e')",2
"('pencil', 'laptop')",2
"('builder', 'website')",2
"('calculator', 'google')",2
"('watching', 'dm')",2
"('story', 'board')",2
"('app', 'donjon')",2
"('monster', 'hit')",2
"('marker', 'music')",2
"('paper', 'dry')",2
"('notebook', 'player')",2
"('erase', 'hex')",2
"('great', 'idea')",2
"('2', 'donjon')",2
"('5', 'map')",2
"('homebrewery', 'kobold')",2
"('orcpub', 'pyromancer')",2
"('notebook', 'kobold')",2
"('discord', 'mythweavers')",2
"('pc', 'note')",2
"('card', 'electronic')",2
"('onenote', 'fantasynamegeneratorcom')",2
"('note', 'ipad')",2
"('book', 'lot')",2
"('phb', 'monster')",2
"('pc', 'notepad')",2
"('fog', 'war')",2
"('pro', '3')",2
"('notebook', 'google')",2
"('goblin', 'encounter')",2
"('imagination', '3')",2
"('monster', 'dmg')",2
"('dmg', 'roll20')",2
"('dmsguild', 'roll20')",2
"('onenote', 'paper')",2
"('reddit', 'published')",2
"('generator', 'quick')",2
"('rpg', 'table')",2
"('physical', 'notebook')",2
"('guide', 'dungeon')",2
"('club', 'runearthedarcana')",2
"('tracker', 'card')",2
"('app', 'walter')",2
"('board', 'grid')",2
"('donjon', 'homebrewery')",2
"('card', 'laptop')",2
"('earlier', 'edition')",2
"('monster', 'generator')",2
"('premade', 'map')",2
"('google', 'searching')",2
"('heroic', 'map')",2
"('redkats', '5e')",2
"('random', 'combat')",2
"('notebook', 'grid')",2
"('idea', 'dm')",2
"('map', 'campaign')",2
"('donjon', 'donjon')",2
"('20', 'note')",2
"('generator', 'hexographer')",2
"('marker', 'combat')",2
"('note', 'photoshop')",2
"('engine', 'publishing')",2
"('sound', 'track')",2
"('club', 'angry')",2
"('word', 'handout')",2
"('evernote', 'card')",2
"('flourish', 'advice')",2
"('club', 'sly')",2
"('2', 'random')",2
"('evernote', 'gimp')",2
"('excel', 'hero')",2
"('homemade', 'dm')",2
"('book', 'dmg')",2
"('screen', 'reddit')",2
"('card', 'laminated')",2
"('3', 'ring')",2
"('journal', 'note')",2
"('roll20', 'official')",2
"('music', 'youtube')",2
"('note', 'campaign')",2
"('rdnd', 'rdndbehindthescreen')",2
"('tablet', 'player')",2
"('onenote', 'dmg')",2
"('online', 'inspiration')",2
"('encounter', 'creation')",2
"('rdndnext', 'rdndbehindthescreen')",2
"('subreddits', 'kobold')",2
"('picture', 'monster')",2
"('guide', '2')",2
"('adventure', 'zone')",2
"('inspiration', 'blog')",2
"('mini', 'grid')",2
"('encounter', 'tracker')",2
"('running', 'adventure')",2
"('guide', 'goblinist')",2
"('generator', 'monster')",2
"('manual', 'matthew')",2
"('feudz', 'loot')",2
"('card', 'basic')",2
"('donjon', 'encounter')",2
"('dd', 'screen')",2
"('podcasts', 'published')",2
"('reading', 'material')",2
"('edition', 'treasure')",2
"('drive', 'doc')",2
"('homebrew', 'idea')",2
"('manual', 'course')",2
"('reference', 'player')",2
"('encounter', 'idea')",2
"('map', 'dd')",2
"('map', 'story')",2
"('food', 'drink')",2
"('jot', 'idea')",2
"('google', 'printer')",2
"('word', 'm')",2
"('prompt', 'dm')",2
"('random', 'monster')",2
"('colored', 'pen')",2
"('critterdb', 'roll20')",2
"('adventurer', 'league')",2
"('online', 'lot')",2
"('colville', 'matt')",2
"('storm', 'king')",2
"('monster', 'book')",2
"('initiative', 'order')",2
"('fantasy', 'fiction')",2
"('write', 'adventure')",2
"('small', 'notebook')",2
"('guide', 'tablet')",2
"('doc', 'graph')",2
"('map', 'notebook')",2
"('system', 'note')",2
"('player', 'dm')",2
"('software', 'suite')",2
"('map', 'building')",2
"('adventure', 'map')",2
"('forged', 'anvil')",2
"('campaign', 'guide')",2
"('runearthedarcana', 'kobold')",2
"('builder', 'reddit')",2
"('official', 'material')",2
"('narrative', 'combat')",2
"('5e', 'treasure')",2
"('blog', 'kobold')",2
"('card', 'online')",2
"('io', 'apps')",2
"('encounter', 'size')",2
"('drive', 'reddit')",2
"('map', 'encounter')",2
"('dm', 'game')",2
"('internet', 'notebook')",2
"('laptop', 'monster')",2
"('inkarnate', 'microsoft')",2
"('5e', 'random')",2
"('book', 'running')",2
"('spiral', 'notebook')",2
"('apps', 'pen')",2
"('play', 'person')",2
"('calculator', 'reference')",2
"('word', 'photoshop')",2
"('generator', 'loot')",2
"('maker', 'kobold')",2
"('onenote', 'inkarnate')",2
"('encounter', 'npc')",2
"('fighting', 'club')",2
"('online', 'reference')",2
"('game', 'google')",2
"('marker', 'dm')",2
"('digital', 'map')",2
"('npc', 'situation')",2
"('chessex', 'battlemap')",2
"('encounter', 'planner')",2
"('scrap', 'paper')",2
"('random', 'generated')",2
"('club', 'youtube')",2
"('forge', 'terrain')",2
"('full', 'random')",2
"('mathew', 'mercer')",2
"('roll20', 'character')",2
"('dmg', 'dungeon')",2
"('roll20', 'dd')",2
"('club', 'npc')",2
"('dice', 'imagination')",2
"('note', 'session')",2
"('grid', 'note')",2
"('book', 'laptop')",2
"('roll20', 'dnd')",2
"('mind', 'player')",2
"('donjonbinsh', 'koboldclubfight')",2
"('reading', 'dm')",2
"('currently', 'running')",2
"('creation', 'app')",2
"('20', 'onenote')",2
"('video', 'youtube')",2
"('dd', 'product')",2
"('map', 'creator')",2
"('doc', 'homebrewery')",2
"('game', 'prep')",2
"('donjon', 'tabletop')",2
"('dm', 'experience')",2
"('roll20', 'excel')",2
"('den', 'dm')",2
"('item', 'npc')",2
"('book', 'mm')",2
"('beast', 'player')",2
"('lego', 'miniature')",2
"('pro', '4')",2
"('official', 'rulebooks')",2
"('notebook', 'random')",2
"('monster', 'list')",2
"('reference', 'guide')",2
"('donjon', 'srd')",2
"('homemade', 'terrain')",2
"('excel', 'photoshop')",2
"('book', 'map')",2
"('ipad', 'onenote')",2
"('blog', 'online')",2
"('workshop', 'dmg')",2
"('chart', 'map')",2
"('donjon', 'microsoft')",2
"('pdfs', 'dd')",2
"('creation', 'guide')",2
"('tile', 'initiative')",2
"('rdndnext', 'rdnd')",2
"('sheet', 'running')",2
"('group', 'spotify')",2
"('donjon', 'treasure')",2
"('adventure', 'spend')",2
"('inch', 'graph')",2
"('map', 'word')",2
"('card', 'customized')",2
"('helpful', 'dd')",2
"('schleys', 'map')",2
"('npc', 'picture')",2
"('separate', 'layer')",2
"('inspiration', 'dice')",2
"('book', 'pdfs')",2
"('notebook', 'idea')",2
"('dnd', 'source')",2
"('manual', 'dndnext')",2
"('encounter', 'matt')",2
"('art', 'book')",2
"('help', 'player')",2
"('dragon', 'magazine')",2
"('roll20', 'interface')",2
"('module', 'notebook')",2
"('dmg', 'spotify')",2
"('den', 'gm')",2
"('handbook', 'online')",2
"('doc', 'dm')",2
"('roll20', 'macro')",2
"('donjonbinsh', 'onenote')",2
"('donjon', 'dd')",2
"('book', 'steal')",2
"('dndnext', 'subreddit')",2
"('creator', 'dnd')",2
"('music', 'imagination')",2
"('history', 'book')",2
"('plot', 'tv')",2
"('table', 'dice')",2
"('npc', 'location')",2
"('reddit', 'rdndnext')",2
"('grimoire', 'donjon')",2
"('cartographer', 'guild')",2
"('notebook', 'note')",2
"('club', '2')",2
"('manual', 'rdndnext')",2
"('2', 'panel')",2
"('excel', 'donjon')",2
"('club', 'subreddits')",2
"('guide', 'dm')",2
"('online', 'community')",2
"('printed', 'card')",2
"('roll20', 'tabletop')",2
"('screen', 'dm')",2
"('city', 'brass')",2
"('well', 'written')",2
"('custom', 'dm')",2
"('3', 'dm')",2
"('manual', 'note')",2
"('book', 'word')",2
"('spreadsheet', 'dd')",2
"('donjon', 'matt')",2
"('pdf', 'file')",2
"('pdfs', 'online')",2
"('roll20', 'core')",2
"('npc', 'campaign')",2
"('matt', 'collville')",2
"('thinking', 'game')",2
"('image', 'player')",2
"('official', 'rule')",2
"('computer', 'imagination')",2
"('manual', 'fantasy')",2
"('manual', 'matt')",2
"('write', 'thing')",2
"('card', 'microsoft')",2
"('card', 'stock')",2
"('5e', 'android')",2
"('mythic', 'gm')",2
"('idea', 'concept')",2
"('novel', 'movie')",2
"('blog', 'monster')",2
"('older', 'dd')",2
"('dyson', 'logo')",2
"('set', 'scene')",2
"('paper', 'manual')",2
"('fantasy', 'story')",2
"('help', 'dm')",2
"('club', 'generator')",2
"('20', 'token')",2
"('spiral', 'bound')",2
"('donjon', 'game')",2
"('edition', 'add')",2
"('club', 'naturalcrit')",2
"('paper', 'source')",2
"('note', 'previous')",2
"('note', 'tablet')",2
"('easy', 'reference')",2
"('tile', 'set')",2
"('manual', 'grid')",2
"('fourth', 'edition')",2
"('colvillematt', 'mercer')",2
"('5e', 'dd')",2
"('dry', 'wipe')",2
"('mine', 'phandelver')",2
"('excel', 'obsidian')",2
"('dmg', 'imagination')",2
"('photoshop', 'evernote')",2
"('rating', 'calculator')",2
"('word', 'notebook')",2
"('laminated', 'grid')",2
"('dd', 'character')",2
"('fr', 'option')",2
"('adventure', 'monster')",2
"('generator', 'dd')",2
"('blog', 'slyflourish')",2
"('dnd', 'spellbook')",2
"('list', 'app')",2
"('phb', '5e')",2
"('map', 'premade')",2
"('club', 'spotify')",2
"('guide', '5e')",2
"('document', 'roll20')",2
"('passive', 'perception')",2
"('trello', 'google')",2
"('map', 'create')",2
"('erase', 'battlemat')",2
"('hp', 'initiative')",2
"('ipad', 'projector')",2
"('moleskine', 'notebook')",2
"('photoshop', 'word')",2
"('music', 'book')",2
"('book', 'tv')",2
"('ol', 'pen')",2
"('dungeon', 'dice')",2
"('roll20', 'wotc')",2
"('club', 'pathfinder')",2
"('official', 'wizard')",2
"('club', 'evernote')",2
"('dd', 'rpg')",2
"('lot', 'book')",2
"('word', 'dmg')",2
"('dont', 'flip')",2
"('app', 'core')",2
"('sheet', 'campaign')",2
"('colvilles', 'video')",2
"('module', 'online')",2
"('customized', 'dm')",2
"('critical', 'hit')",2
"('pdf', 'version')",2
"('player', 'book')",2
"('previous', 'session')",2
"('android', 'dm')",2
"('binder', 'full')",2
"('pawn', 'dry')",2
"('monster', 'map')",2
"('doc', 'sketchbook')",2
"('wotc', 'dice')",2
"('custom', 'screen')",2
"('podcasts', 'inspiration')",2
"('dmg', 'edition')",2
"('3x5', 'notecards')",2
"('paper', 'colored')",2
"('dd', 'dungeon')",2
"('onenote', 'pen')",2
"('guide', 'fantasy')",2
"('beast', 'dmg')",2
"('generator', 'pen')",2
"('inkwell', 'idea')",2
"('great', 'deal')",2
"('word', 'donjon')",2
"('quick', 'map')",2
"('facebook', 'messenger')",2
"('rpg', 'tinker')",2
"('portal', 'photoshop')",2
"('map', 'tv')",2
"('npc', 'map')",2
"('dmg', 'roll')",2
"('club', 'premade')",2
"('fat', 'dragon')",2
"('battle', 'bard')",2
"('ultimate', 'toolbox')",2
"('player', 'imagination')",2
"('game', 'session')",2
"('onenote', 'critterdb')",2
"('notebook', 'map')",2
"('preparing', 'encounter')",2
"('screen', 'app')",2
"('card', 'ipad')",2
"('pdfs', 'reddit')",2
"('music', 'player')",2
"('campaign', 'log')",2
"('story', 'dice')",2
"('dyson', 'map')",2
"('drive', 'dmg')",2
"('notepad', 'notepad')",2
"('dice', 'dice')",2
"('doc', 'pdf')",2
"('sheet', 'graph')",2
"('gm', 'emulator')",2
"('1x1', 'inch')",2
"('sheet', 'paper')",2
"('tool', 'notebook')",2
"('huge', 'help')",2
"('app', 'tablet')",2
"('player', 'game')",2
"('power', 'score')",2
"('evernote', 'youtube')",2
"('watching', 'movie')",2
"('core', 'rulebook')",2
"('builder', 'httpkoboldclubfightencounterbuilder')",2
"('adobe', 'indesign')",2
"('inkarnate', 'roll20')",2
"('dungeon', 'drawing')",2
"('drive', 'pencil')",2
"('official', 'tool')",2
"('amazing', 'resource')",2
"('tip', 'matt')",2
"('search', 'image')",2
"('website', 'youtube')",2
"('note', 'reference')",2
"('onenote', 'microsoft')",2
"('android', 'dd')",2
"('plastic', 'mini')",2
"('app', 'phone')",2
"('logo', 'map')",2
"('tool', 'monster')",2
"('print', 'out')",2
"('paper', 'graph')",2
"('time', 'campaign')",2
"('donjonbinsh', 'kobold')",2
"('inspiration', 'book')",2
"('adobe', 'reader')",2
"('card', 'deck')",2
"('roll20', 'pdf')",2
"('evernote', 'onenote')",2
"('paint', 'tool')",2
"('wiz', 'kid')",2
"('manual', 'encounter')",2
"('rdndbehindthescreen', 'rworldbuilding')",2
"('2e', '3e')",2
"('chart', 'random')",2
"('reddit', 'campaign')",2
"('marker', 'notebook')",2
"('doc', 'dungeon')",2
"('club', 'orcpub')",2
"('realm', 'lore')",2
"('notebook', 'keeping')",2
"('campaign', 'dm')",2
"('5e', 'compendium')",2
"('gimp', 'kobold')",2
"('faerun', 'wiki')",2
"('building', 'map')",2
"('koboldclub', 'donjon')",2
"('laptop', 'dm')",2
"('portal', 'kobold')",2
"('card', 'loot')",2
"('club', 'player')",2
"('dm', 'workshop')",2
"('onenote', 'online')",2
"('card', 'player')",2
"('club', 'trello')",2
"('tracker', 'online')",2
"('map', 'builder')",2
"('reddit', 'homebrew')",2
"('mind', 'pen')",2
"('generator', '3rd')",2
"('pencil', 'grid')",2
"('game', 'manual')",2
"('lot', 'tab')",2
"('discussion', 'dm')",2
"('surface', 'tablet')",2
"('book', 'donjon')",2
"('reddit', 'word')",2
"('player', 'mind')",2
"('depth', 'npc')",2
"('photoshop', 'excel')",2
"('roll20', 'great')",2
"('three', 'main')",2
"('ad', 'lib')",2
"('tablet', 'onenote')",2
"('donjon', 'photoshop')",2
"('evernote', 'random')",2
"('notepad', 'dmg')",2
"('reddit', 'fantasy')",2
"('paper', 'official')",2
"('onenote', 'gamemaster')",2
"('guide', 'app')",2
"('den', 'gamemaster')",2
"('idea', 'notebook')",2
"('painter', 'online')",2
"('1', 'roll20')",2
"('pen', 'laptop')",2
"('tool', 'player')",2
"('notebook', 'dmg')",2
"('find', 'online')",2
"('calculator', 'monster')",2
"('reading', 'adventure')",2
"('mercer', 'matt')",2
"('will', 'visit')",2
"('hardcodexru', 'kobold')",2
"('handbook', 'pathfinder')",2
"('notebook', 'healthy')",2
"('internet', 'pen')",2
"('reading', 'published')",2
"('pdfs', 'phb')",2
"('tabletop', 'app')",2
"('music', 'background')",2
"('reddit', 'dmsguild')",2
"('image', 'idea')",2
"('mm', 'dm')",2
"('whiteboard', 'encounter')",2
"('fiction', 'book')",2
"('bottle', 'cap')",2
"('encounter', 'chart')",2
"('crobi', 'rpg')",2
"('printed', 'map')",2
"('gm', 'binder')",2
"('randomization', 'table')",2
"('marker', 'monster')",2
"('grid', 'sheet')",2
"('srd', 'dm')",2
"('book', '3')",2
"('card', 'google')",2
"('guidemonster', 'manual')",2
"('app', 'reddit')",2
"('note', 'random')",2
"('pdf', 'book')",2
"('card', 'spell')",2
"('dungeon', 'randomizer')",2
"('donjon', 'note')",2
"('20', 'dm')",2
"('apple', 'tv')",2
"('clip', 'board')",2
"('microsoft', 'surface')",2
"('published', 'map')",2
"('multiple', 'color')",2
"('onenote', 'notepad')",2
"('board', 'initiative')",2
"('internet', 'book')",2
"('game', 'dd')",2
"('dm', 'toolkit')",2
"('card', 'inspiration')",2
"('evernote', 'homebrewery')",2
"('generator', 'paint')",2
"('reddit', 'imagination')",2
"('low', 'level')",2
"('note', 'roll20')",2
"('music', 'pen')",2
"('ambiance', 'music')",2
"('online', 'guide')",2
"('online', 'dungeon')",2
"('art', 'player')",2
"('game', 'mat')",2
"('club', 'gimp')",2
"('hand', 'out')",2
"('inkscape', 'krita')",2
"('die', 'roller')",2
"('erase', 'battle')",2
"('rptools', 'maptool')",2
"('gf9', 'spell')",2
"('club', 'wizard')",2
"('playlist', 'google')",2
"('video', 'dd')",2
"('tracking', 'monster')",2
"('soundtrack', 'core')",2
"('party', 'will')",2
"('notebook', 'online')",2
"('miniature', 'music')",2
"('srd', '5e')",2
"('lined', 'notepad')",2
"('club', 'gamemaster')",2
"('map', 'lego')",2
"('reddit', 'gitp')",2
"('online', 'monster')",2
"('random', 'thing')",2
"('ive', 'created')",2
"('tracing', 'paper')",2
"('photoshop', 'donjonbinsh')",2
"('note', 'dm')",2
"('hexographer', 'dm')",2
"('npc', 'personality')",2
"('official', 'campaign')",2
"('sheet', 'monster')",2
"('donjon', 'grimoire')",2
"('roll20', 'adobe')",2
"('note', 'npc')",2
"('tool', 'sai')",2
"('book', 'encounter')",2
"('dice', 'nice')",2
"('pdfs', 'random')",2
"('online', 'die')",2
"('notebook', 'brain')",2
"('tomb', 'beast')",2
"('note', 'monster')",2
"('onenote', 'homebrewery')",2
"('map', 'marker')",2
"('book', 'reference')",2
"('encounter', 'published')",2
"('dmholleys', 'encounter')",2
"('roll20', 'runearthedarcana')",2
"('hit', 'point')",2
"('rule', 'lawyer')",2
"('written', 'note')",2
"('background', 'story')",2
"('onenote', 'realm')",2
"('guide', 'sword')",2
"('trusty', 'notebook')",2
"('detailed', 'npc')",2
"('minion', 'kobold')",2
"('adventure', 'table')",2
"('manual', 'book')",2
"('onenote', 'monster')",2
"('npc', 'creation')",2
"('3rd', 'edition')",2
"('4x6', 'card')",2
"('stat', 'generator')",2
"('making', 'monster')",2
"('handbook', 'dmg')",2
"('laptop', 'notebook')",2
"('change', 'thing')",2
"('paper', 'eraser')",2
"('doc', 'donjon')",2
"('summary', 'session')",2
"('3', 'online')",2
"('card', 'npc')",2
"('book', 'random')",2
"('word', 'graph')",2
"('rpg', 'book')",2
"('dd', 'tile')",2
"('internet', 'search')",2
"('face', 'card')",2
"('guide', 'dnd')",2
"('dd', 'fr')",2
"('token', 'stamp')",2
"('pre', 'adventure')",2
"('pencil', 'source')",2
"('pathfinder', 'flip')",2
"('notebook', '5e')",2
"('screen', 'roll')",2
"('bone', 'mini')",2
"('guild', 'fantasy')",2
"('google', 'google')",2
"('pathfinder', 'initiative')",2
"('erase', 'notebook')",2
"('walter', 'kammerers')",2
"('google', 'map')",2
"('manual', 'pretty')",2
"('google', 'spotify')",2
"('pdfs', 'monster')",2
"('edition', 'encounter')",2
"('arcanum', 'subreddit')",2
"('aurora', 'toolset')",2
"('maptool', 'kobold')",2
"('edition', 'dmg')",2
"('5e', 'sourcebooks')",2
"('roll20', 'table')",2
"('matt', 'colvillematt')",2
"('manual', 'mind')",2
"('dmg', 'randomization')",2
"('fantasy', 'literature')",2
"('doc', 'microsoft')",2
"('roll20', 'youtube')",2
"('idea', 'roll20')",2
"('dmg', 'mini')",2
"('ground', 'character')",2
"('mobile', 'app')",2
"('master', 'guidemonster')",2
"('20', 'random')",2
"('quick', 'note')",2
"('20', 'kobold')",2
"('book', 'spell')",2
"('core', 'ruleset')",2
"('reddit', 'music')",2
"('dynamic', 'lighting')",2
"('5', 'spell')",2
"('manual', 'homebrew')",2
"('hour', 'glass')",2
"('homebrewery', 'spotify')",2
"('club', 'wotc')",2
"('book', 'read')",2
"('treasure', 'monster')",2
"('edition', 'app')",2
"('rule', 'game')",2
"('sheet', 'list')",2
"('wiki', 'site')",2
"('companion', 'app')",2
"('inkarnate', 'onenote')",2
"('notepad', 'note')",2
"('pinterest', 'dm')",2
"('map', 'handout')",2
"('magical', 'item')",2
"('beast', 'monster')",2
"('ground', 'donjon')",2
"('5e', 'player')",2
"('site', 'core')",2
"('computer', 'monster')",2
"('table', 'httpdonjonbinsh')",2
"('guide', 'map')",2
"('acrobat', 'pro')",2
"('book', 'matt')",2
"('fb', 'group')",2
"('screen', 'lot')",2
"('book', 'fantasy')",2
"('koboldclub', 'roll20net')",2
"('dmg', 'rdndnext')",2
"('5e', 'phb')",2
"('guide', 'pencil')",2
"('map', '2')",2
"('masterplan', '5e')",2
"('screen', 'map')",2
"('generator', 'fantasy')",2
"('size', 'calculator')",2
"('inkarnate', 'kobold')",2
"('5e', 'wiki')",2
"('custom', 'excel')",2
"('club', 'edition')",2
"('guide', 'tome')",2
"('random', 'fantasy')",2
"('2', 'imagination')",2
"('spotify', 'dd')",2
"('onenote', 'koboldclub')",2
"('spell', 'caster')",2
"('scene', 'google')",2
"('module', 'running')",2
"('hand', 'book')",2
"('adventure', 'idea')",2
"('table', 'table')",2
"('blank', 'grid')",2
"('squire', 'app')",2
"('lab', 'donjon')",2
"('creator', 'kobold')",2
"('weak', 'magic')",2
"('indesign', 'photoshop')",2
"('player', 'idea')",2
"('pencil', 'internet')",2
"('5e', 'reddit')",2
"('donjon', 'rdndbehindthescreen')",2
"('book', 'hand')",2
"('excel', 'adobe')",2
"('io', 'lion')",2
"('blog', 'dm')",2
"('good', 'pen')",2
"('name', 'player')",2
"('google', 'microsoft')",2
"('tool', 'hero')",2
"('paper', 'lego')",2
"('1', 'grid')",2
"('parchment', 'paper')",2
"('paper', 'dnd')",2
"('three', 'book')",2
"('club', 'good')",2
"('1', 'donjon')",2
"('creation', 'tool')",2
"('map', 'dungeon')",2
"('portal', 'website')",2
"('office', 'suite')",2
"('npc', 'treasure')",2
"('judge', 'guild')",2
"('homebrewery', 'map')",2
"('manual', 'pencil')",2
"('roll20', 'published')",2
"('generator', 'spellbook')",2
"('atmospheric', 'music')",2
"('reference', 'material')",2
"('generator', 'tool')",2
"('drunkens', 'dragon')",2
"('color', 'coded')",2
"('great', 'setting')",2
"('square', 'grid')",2
"('copious', 'amount')",2
"('donjon', 'pen')",2
"('work', 'kobold')",2
"('3', '5')",2
"('initiative', 'combat')",2
"('balanced', 'combat')",2
"('reddit', 'core')",2
"('module', 'map')",2
"('edition', 'dd')",2
"('tv', 'trope')",2
"('mah', 'brain')",2
"('image', 'token')",2
"('fail', 'deck')",2
"('dm', 'advice')",2
"('club', '3')",2
"('spend', 'time')",2
"('libre', 'office')",2
"('paper', 'terrain')",2
"('online', 'art')",2
"('designer', 'rpg')",2
"('squire', '5e')",2
"('5', 'card')",2
"('personal', 'note')",2
"('doc', 'writing')",2
"('displaying', 'map')",2
"('manual', 'monster')",2
"('fashioned', 'pen')",2
"('koboldclub', 'roll20')",2
"('donjon', 'dm')",2
"('imagination', 'bing')",2
"('track', 'monster')",2
"('amazing', 'tool')",2
"('steal', 'idea')",2
"('sheet', 'adobe')",2
"('miniature', 'notebook')",2
"('reddit', 'dnd')",2
"('note', 'list')",2
"('reference', 'monster')",2
"('paper', 'random')",2
