word,Freq
club,575
fight,560
book,531
kobold,517
monster,492
google,465
roll20,440
paper,406
manual,370
dm,365
donjon,338
dmg,334
map,321
reddit,299
note,276
generator,268
guide,264
card,247
app,247
onenote,230
encounter,221
dungeon,218
notebook,211
random,207
5e,201
master,187
pen,180
doc,176
dd,162
online,160
game,153
dice,139
sheet,137
tool,135
adventure,131
microsoft,128
npc,128
pencil,126
music,124
table,124
handbook,118
fantasy,117
character,117
core,113
photoshop,113
screen,111
word,111
grid,110
excel,109
campaign,107
drive,105
dnd,96
idea,96
phb,95
spell,91
edition,88
imagination,86
5,85
mm,83
evernote,80
published,78
youtube,77
graph,74
initiative,73
internet,72
laptop,72
inspiration,71
spellbook,68
notepad,68
website,67
image,66
android,64
mini,64
roll,62
miniature,62
calculator,62
tabletop,61
rule,59
list,58
donjonbinsh,58
ground,56
ipad,56
3,55
matt,55
combat,54
inkarnate,54
reference,54
module,54
source,52
guild,51
koboldclub,51
audio,51
apps,50
erase,49
pdfs,49
wiki,49
mat,49
1,48
spotify,48
5th,48
20,48
lot,47
2,46
gm,46
realm,44
builder,44
token,44
tablet,44
official,44
homebrewery,43
treasure,43
board,43
story,42
blog,41
good,41
mind,40
resource,40
spreadsheet,40
material,40
time,39
marker,39
homebrew,38
thing,37
pathfinder,37
item,36
dry,36
colville,35
goblinist,35
adobe,35
battle,35
search,34
subreddits,34
tracker,33
rulebooks,33
name,33
quick,33
binder,32
computer,32
whiteboard,32
pdf,32
srd,32
tome,31
loot,31
rpg,31
dont,31
session,30
wotc,30
keep,30
hexographer,30
pinterest,30
brain,30
work,30
pad,30
magic,29
hand,29
syrinscape,28
hero,28
video,28
handout,28
tile,28
den,28
m,28
portal,28
great,28
gimp,28
custom,27
roller,27
notecards,27
obsidian,27
building,27
site,26
forgotten,26
skype,26
lion,26
phone,26
track,26
running,25
forum,25
beast,25
writing,25
rdnd,25
trello,24
manuel,24
set,24
background,24
play,23
lab,23
making,23
printer,23
white,23
reading,23
paint,23
rdndnext,22
art,22
document,22
maker,22
stats,21
help,21
pawn,21
tip,21
don,21
picture,21
hangout,21
chessex,21
tracking,21
rdndbehindthescreen,21
playlist,20
program,20
mercer,20
premade,20
creator,20
tv,20
discord,20
pc,20
complete,20
friend,20
sly,19
io,19
party,19
gamemaster,19
small,19
group,19
role,19
jon,19
chart,19
setting,19
easy,19
simulator,19
drawing,18
podcasts,18
scrivener,18
3x5,18
stuff,18
pyromancer,18
dmsguild,18
place,18
terrain,18
flourish,18
sound,18
subreddit,17
battlemat,17
beer,17
block,17
printed,17
tabletopaudiocom,17
orcpub,17
critical,17
movie,17
grimoire,17
prep,16
ive,16
software,16
personal,16
stat,16
voice,15
maptool,15
full,15
location,15
unearthed,15
volos,15
cheat,15
facebook,15
plot,15
journal,15
office,15
sourcebooks,14
plan,14
digital,14
watching,14
info,14
lore,14
cartographer,14
roll20net,14
print,14
fiction,14
koboldfightclub,14
write,14
generation,14
dropbox,14
wet,14
creation,14
design,14
arcanum,14
description,13
minion,13
prepared,13
lazy,13
well,13
matthew,13
wizard,13
ph,13
find,13
flip,13
forge,13
general,13
physical,13
big,13
effect,13
paizo,13
soundtrack,12
creating,12
printing,12
httpdonjonbinsh,12
novel,12
read,12
fantasynamegeneratorcom,12
homemade,12
hook,12
sticky,12
dwarven,12
projector,12
drawn,11
dragon,11
people,11
creature,11
surface,11
pro,11
talking,11
written,11
text,11
three,11
event,11
library,11
add,11
scene,11
tokentool,11
wikipedia,11
critterdb,11
free,11
prop,11
outline,10
kobolds,10
web,10
cr,10
will,10
dungeonographer,10
system,10
deck,10
speaker,10
inch,10
situation,10
3d,10
runearthedarcana,10
file,10
battlemap,10
large,10
experience,10
painter,10
mobile,10
donjonbin,10
angry,10
paintnet,10
thread,10
history,10
mood,9
alcohol,9
hp,9
draw,9
kobald,9
coast,9
collection,9
ambient,9
sketchbook,9
penpaper,9
suite,9
advice,9
favorite,9
summary,9
natural,9
3rd,9
piece,9
post,9
5esrdcom,9
real,8
tabletopaudio,8
basic,8
magnetic,8
coffee,8
cant,8
donjoncom,8
store,8
year,8
laminated,8
apple,8
pretty,8
blank,8
acrobat,8
itunes,8
enemy,8
multiple,8
thought,8
copy,8
editor,8
keeping,8
create,8
dndspellscom,8
kfc,8
magazine,8
illustrator,8
awesome,8
channel,8
medium,8
day,8
previous,8
database,8
point,8
amazing,8
cue,8
compendium,8
content,8
crit,7
helpful,7
flow,7
level,7
virtual,7
processor,7
playing,7
reader,7
fly,7
food,7
color,7
created,7
mapping,7
httpdhmholleycoukencountercalculator5th,7
ton,7
easily,7
chat,7
indesign,7
fun,7
walter,7
iphone,7
spend,7
fantasynamegeneratorscom,7
difficulty,7
love,7
improv,7
highlighter,7
tower,7
sword,7
community,7
best,7
top,7
al,6
log,6
1st,6
hour,6
gaming,6
square,6
herolab,6
management,6
kit,6
colored,6
moment,6
city,6
window,6
version,6
bluetooth,6
literature,6
ruler,6
feedback,6
1e,6
creativity,6
template,6
form,6
pull,6
question,6
selection,6
2e,6
4e,6
sketch,6
erasable,6
9,6
lego,6
pintrest,6
teamspeak,6
stick,6
box,6
slyflourish,6
main,6
reddits,6
older,6
current,6
fightclub,6
giant,6
preparing,6
feel,6
specific,6
squire,6
naturalcrit,6
folder,6
vinyl,6
force,6
gridded,6
easel,6
open,6
powerpoint,6
interesting,6
battlemaps,6
eraser,6
secret,6
short,6
huge,6
hex,6
inkarnatecom,6
cube,6
third,6
monitor,5
critter,5
composition,5
viewer,5
detail,5
designer,5
xp,5
order,5
rptools,5
class,5
db,5
fantastic,5
masterplan,5
pyromancerscom,5
personality,5
portrait,5
hold,5
room,5
scag,5
trusty,5
ambiance,5
4,5
pic,5
change,5
ill,5
flash,5
currently,5
mapper,5
prewritten,5
printout,5
laser,5
scenario,5
detailed,5
ultimate,5
display,5
hit,5
donjonsh,5
ol,5
equipment,5
discussion,5
special,5
skill,5
toolbox,5
fantasynamegenerator,5
bookmark,5
ready,5
gen,5
backstories,5
preparation,5
sketching,5
live,5
poster,5
plenty,5
postit,5
photo,5
stealing,5
dndnext,5
adventurer,5
steal,5
hardcover,5
kindle,5
ability,5
guideline,5
article,5
dryerase,5
invaluable,5
release,5
colvilles,5
rolling,5
regularly,5
gale,5
check,5
base,5
tab,4
relevant,4
kind,4
weterase,4
tumblr,4
generate,4
inkscape,4
device,4
statblocks,4
httpkoboldclubfightencounterbuilder,4
audacity,4
mine,4
rbehindthetables,4
httppyromancerscomdungeonpainteronline,4
httpredkatartcomdnd5tools,4
fr,4
dyson,4
person,4
soundcloud,4
notice,4
myth,4
single,4
nice,4
flipping,4
manager,4
rulebook,4
allows,4
goblin,4
enworld,4
companion,4
logger,4
rorys,4
timer,4
lined,4
3e,4
customized,4
prepare,4
needed,4
plastic,4
recorder,4
legal,4
separate,4
shop,4
active,4
rpgtinker,4
scale,4
cardboard,4
count,4
support,4
organized,4
black,4
cool,4
life,4
application,4
built,4
access,4
path,4
spread,4
2nd,4
rarely,4
tend,4
immersion,4
starter,4
product,4
faerun,4
dmsguildcom,4
craft,4
interwebs,4
mpmbs,4
bing,4
httpnpcgeneratorazurewebsitesnet,4
wikis,4
organizing,4
move,4
dndspells,4
randomizer,4
layer,4
github,4
powerscore,4
supplement,4
amazon,4
pre,4
generated,4
narrative,4
tent,4
depth,4
creative,4
fashioned,4
postits,4
snack,4
front,4
half,4
httptoolsgoblinistcom5enc,4
dmdj,4
scotty,4
d20,4
concept,4
bag,4
course,4
spiral,4
recap,4
mythweavers,4
simple,4
johnn,4
macro,4
rworldbuilding,4
trap,4
side,4
shared,4
number,4
archive,4
dndbehindthescreen,4
bit,4
long,4
flowchart,4
action,4
rating,4
reaper,4
ring,4
league,4
trope,4
face,4
atmosphere,4
motivation,4
die,4
easier,4
planning,4
out,4
scrap,3
maptools,3
guess,3
middle,3
shiny,3
model,3
5esrd,3
historical,3
4th,3
snipping,3
worksheet,3
original,3
kammerer,3
epic,3
build,3
line,3
curse,3
insert,3
fan,3
learning,3
link,3
horror,3
characteristic,3
prompt,3
isnt,3
thinking,3
chapter,3
environment,3
landscape,3
listening,3
bottle,3
addition,3
rough,3
prior,3
atmospheric,3
mathew,3
deviant,3
fat,3
finding,3
googledocs,3
remember,3
chris,3
35,3
week,3
notetaking,3
statistic,3
puzzle,3
balancing,3
writer,3
stamp,3
roll20s,3
httphardcodexru,3
outlining,3
wiz,3
highlight,3
laminator,3
judge,3
develop,3
copious,3
crafting,3
glass,3
dick,3
wax,3
listen,3
shamelessly,3
magical,3
flag,3
send,3
improvise,3
structure,3
bunch,3
pencilpaper,3
playground,3
standard,3
hoard,3
drink,3
forget,3
inspirational,3
mechanic,3
world,3
additional,3
brewery,3
watch,3
tg,3
wooden,3
handle,3
basically,3
chip,3
angrygm,3
development,3
gitp,3
chaotic,3
toolkit,3
5x5,3
improve,3
redkats,3
mike,3
example,3
walk,3
realmworks,3
electronic,3
power,3
wipe,3
fumble,3
2016,3
holleys,3
lookup,3
strahd,3
mythology,3
chess,3
amount,3
ahead,3
condition,3
adapt,3
httpkoboldclubfight,3
dndmagiccom,3
challenge,3
printable,3
balance,3
homebrewerynaturalcritcom,3
visual,3
tiddlywiki,3
acting,3
httptabletopaudiocom,3
script,3
comic,3
bound,3
whiteboards,3
ruled,3
quest,3
open5ecom,3
method,3
tinker,3
jot,3
emulator,3
pregenerated,3
social,3
inkwell,3
mod,3
sort,3
5edmscreencom,3
û¢,3
dunjon,3
improved,3
individual,3
refer,3
dndwiki,3
allow,3
roll20com,3
designing,3
accessible,3
lost,3
counter,3
fire,3
openoffice,3
purchased,3
krita,3
co,3
ap,3
flipmat,3
strike,3
deviantart,3
fellow,3
itsadndmonsternow,3
googling,3
planner,3
dm5e,3
npcmonster,3
crobi,3
quality,3
occasionally,3
hardcodexru,3
constantly,3
dicecloud,3
future,3
extra,3
trinket,3
dmgmm,3
happened,3
httphomebrewerynaturalcritcom,3
format,3
httpsdonjonbinsh,3
mp3,3
orcpubcom,3
race,3
lighting,3
searchable,3
nerzugals,3
koboldclubfight,3
metal,3
incarnate,3
turn,3
cherrytree,3
fully,3
8,3
scenery,3
poker,3
appropriate,3
bring,3
tie,3
lib,2
3x,2
colvillematt,2
hotdq,2
rbehindthescreen,2
prefer,2
bard,2
spellcards,2
bone,2
mixer,2
folklore,2
lmop,2
temporary,2
ole,2
explore,2
commute,2
helper,2
100,2
alter,2
bounce,2
mulling,2
glue,2
member,2
cellphone,2
httpsthegrimoirexyz,2
mah,2
workbench,2
tracing,2
forged,2
mapmaking,2
preprinted,2
vornheim,2
prepping,2
message,2
dynamic,2
potential,2
anydice,2
tavern,2
coleville,2
wordpad,2
phrase,2
super,2
storage,2
organization,2
crayon,2
reskin,2
ruleset,2
decide,2
soundmusic,2
sourcebook,2
cityofbrassio,2
30,2
night,2
describe,2
fantasynamegenerators,2
wit,2
stock,2
school,2
visit,2
generic,2
variety,2
calculation,2
adam,2
improvisation,2
regular,2
fail,2
a4,2
keynote,2
perception,2
noise,2
www5esrdcom,2
notebookpen,2
aurora,2
understand,2
cannabis,2
suggestion,2
heroic,2
hint,2
tokentools,2
spellbooks,2
publishing,2
grimiore,2
associated,2
seriously,2
critterdbcom,2
coin,2
vids,2
grimtooths,2
photocopier,2
guidemonster,2
sit,2
zone,2
visuals,2
conversion,2
minifigs,2
50,2
httppyromancerscom,2
town,2
rolladvantage,2
feature,2
libreoffice,2
pota,2
10,2
way,2
fit,2
penpencil,2
man,2
battlebards,2
pile,2
score,2
local,2
earlier,2
practice,2
notepadd,2
brass,2
eberron,2
customer,2
charactermonster,2
alexandrian,2
randomly,2
exactly,2
arcane,2
gallery,2
floor,2
drunkens,2
excellent,2
abstract,2
mtg,2
loosely,2
orgmode,2
exercise,2
apart,2
aspect,2
messenger,2
tale,2
filling,2
kobolt,2
kid,2
cap,2
mechanical,2
including,2
handy,2
better,2
gem,2
relationship,2
vi,2
press,2
rpgcrossingcom,2
moleskin,2
dnd5e,2
redditcomrbehindthetables,2
webdm,2
fog,2
moleskine,2
fighting,2
as,2
coville,2
anydicecom,2
mapmaker,2
input,2
shower,2
ambientmixercom,2
supplemental,2
alea,2
theangrygmcom,2
reskinning,2
koebels,2
cut,2
minute,2
binding,2
npcgeneratorazurewebsitesnet,2
1000,2
caster,2
ingame,2
evil,2
classic,2
villain,2
calculate,2
key,2
coded,2
randomization,2
calc,2
scratchpad,2
havent,2
kolbold,2
low,2
weird,2
anvil,2
diary,2
bonus,2
podcast,2
insession,2
mask,2
cup,2
carry,2
flowing,2
guy,2
planned,2
going,2
noteboard,2
bullet,2
pcnpc,2
tiled,2
dhmholleycouk,2
tiny,2
discover,2
dming,2
mythic,2
gm5,2
properly,2
interface,2
seal,2
television,2
simplenote,2
schleys,2
redditcom,2
expo,2
aideddorg,2
clip,2
money,2
inspiring,2
moble,2
softrope,2
panel,2
flavor,2
netflix,2
obsidianportal,2
handwritten,2
typically,2
connect,2
processing,2
pfsrd,2
latex,2
answer,2
modify,2
dundjinni,2
gamemastery,2
booze,2
koboldfightclubcom,2
d20s,2
clear,2
loose,2
merricbcom,2
sized,2
goal,2
station,2
vast,2
type,2
mix,2
syrenscape,2
district,2
browsing,2
size,2
mounted,2
numbered,2
spark,2
appfor,2
gather,2
deal,2
king,2
diy,2
element,2
profantasy,2
hope,2
artwork,2
family,2
sublime,2
dandwiki,2
sharing,2
covered,2
googlereddit,2
jotting,2
entire,2
5thsrdorg,2
quirk,2
dmholleys,2
publisher,2
month,2
god,2
phandelver,2
war,2
thematic,2
dungeonpainter,2
clue,2
passive,2
memory,2
couple,2
prepublished,2
codex,2
wikia,2
suspense,2
prerolled,2
skt,2
area,2
goblinistcom,2
convert,2
vim,2
fine,2
twitch,2
open5e,2
worldbuilding,2
parchment,2
anamap,2
visualize,2
spontaneity,2
inspire,2
storing,2
rpgcards,2
roleplaying,2
documentary,2
workshop,2
throw,2
unrelated,2
yip,2
scratch,2
shoutout,2
animal,2
sai,2
expect,2
option,2
abulafia,2
toolset,2
monstermanual,2
extensive,2
collvilles,2
libre,2
split,2
improvedinitiativecom,2
kammerers,2
burned,2
api,2
storm,2
sleeve,2
law,2
drywipe,2
focus,2
lastly,2
unique,2
heavy,2
heap,2
plain,2
redditrdndbehindthescreen,2
searching,2
pirated,2
redditrdndnext,2
dozen,2
4x6,2
clay,2
based,2
high,2
chrome,2
start,2
1x1,2
rdmacademy,2
red,2
immagination,2
notability,2
randomizers,2
enjoy,2
perspective,2
song,2
advance,2
3ìñ5,2
7,2
private,2
barebones,2
fountain,2
conversation,2
dose,2
gygaxs,2
wide,2
daves,2
backstory,2
beta,2
price,2
sane,2
figure,2
releasing,2
sprinkle,2
fear,2
fourth,2
issue,2
exist,2
road,2
scanner,2
calculating,2
calculates,2
aid,2
excell,2
donjonbish,2
d20pro,2
healthy,2
called,2
wrapping,2
toolsgoblinistcom5enc,2
fb,2
ad,2
jim,2
15,2
improvised,2
didnt,2
rbehindthedmscreen,2
marketplace,2
storytelling,2
balanced,2
tomb,2
perkins,2
pick,2
portable,2
experienced,2
picking,2
handdrawn,2
talk,2
weak,2
logo,2
affect,2
update,2
discussing,2
lawyer,2
consequence,2
fill,2
classical,2
hitting,2
break,2
consider,2
engine,2
sketchup,2
collville,2
favourite,2
esp,2
sharpie,2
snapshot,2
soundboard,2
chromecast,2
downloaded,2
pregen,2
vital,2
gary,2
rp,2
data,2
assorted,2
foam,2
httpwwwimprovedinitiativecom,2
pound,2
displaying,2
memo,2
theme,2
bible,2
quip,2
ripping,2
jukebox,2
dj,2
heavily,2
putting,2
sure,2
foxit,2
dndmonster,2
occasion,2
spellbound,2
deep,2
planescape,2
obsidianportalcom,2
giantitp,2
flat,2
rddnext,2
feudz,2
gf9,2
personalized,2
culture,2
andor,2
posted,2
cloud,2
recording,2
chaoticshiny,2
fanburstcom,1
beat,1
structured,1
slyflourishs,1
stash,1
slys,1
custombuilt,1
frustration,1
scabard,1
json,1
redditonline,1
preprepared,1
colorful,1
bringing,1
prodnds,1
paizos,1
second,1
7chan,1
phbmonstermanual,1
castle,1
onlinetumblr,1
penpaperbeer,1
ddrpg,1
forcing,1
overland,1
reminder,1
lord,1
leaving,1
engineeringcomputation,1
mapsart,1
xml,1
yoinkable,1
ipod,1
se,1
protection,1
root,1
legend,1
feruhn,1
binge,1
diagram,1
dreaming,1
student,1
fistful,1
flavour,1
ideasmaps,1
goblinest,1
filled,1
sageadviceeu,1
belonged,1
scratchoff,1
1scale,1
predraw,1
braaaaaain,1
convey,1
hang,1
noncombat,1
subscription,1
machine,1
involved,1
primary,1
dwarvish,1
religion,1
buffalo,1
pepper,1
redditrdnd,1
layersi,1
boredom,1
button,1
gifted,1
folded,1
emacs,1
finder,1
mondo,1
suppose,1
whereunder,1
spongebob,1
recommended,1
meet,1
verbally,1
paintnetgimp,1
polygon,1
early,1
midfight,1
35e,1
spellgrimoire,1
include,1
wikki,1
showing,1
weaver,1
expansion,1
charthemeidea,1
restocking,1
flatscreen,1
chartsized,1
lose,1
inside,1
moduls,1
redditideas,1
automated,1
excited,1
srds,1
removing,1
daragon,1
joseph,1
koboldencounters,1
awful,1
willingness,1
dmgmmvgtm,1
monderaday,1
osugt,1
beastsfifth,1
tube,1
rbehindthescreendnd,1
accomplish,1
dr,1
accepted,1
rate,1
overlay,1
headed,1
ye,1
easydamuscomalignmenthtml,1
zak,1
notebookpostit,1
inkaente,1
enworldorg,1
personnal,1
365,1
ile,1
phbmmdmg,1
tim,1
geologic,1
beam,1
contingency,1
fluff,1
alot,1
varies,1
instant,1
plant,1
fig,1
3ring,1
monsteraday,1
dmgphbmm,1
clocktimer,1
sadly,1
establishment,1
httpscampaignwikiorgwiki,1
repurpose,1
interacting,1
predrawn,1
g,1
randomizing,1
seat,1
koold,1
transcribed,1
terrainmba,1
wordexcel,1
whiskey,1
light,1
english,1
naming,1
twin,1
stone,1
messaging,1
supply,1
elric,1
maintaining,1
critial,1
miniscolored,1
oldfashioned,1
happen,1
whiteboardclipboard,1
boh5e,1
msword,1
notesnotebooksbooks,1
cheetos,1
robin,1
httpephegithubiogrimoire,1
spelllist,1
httpsgithubcomgguillottemdsrd5,1
archaeology,1
queen,1
exel,1
control,1
encounterbuilder,1
orkpub,1
finger,1
donion,1
phbdmgmm,1
filable,1
extremely,1
dialog,1
insider,1
shin,1
bookswish,1
vibrant,1
rdndbehindthescree,1
cumputer,1
reincorporation,1
mdsrd5,1
cc3,1
painting,1
concurrent,1
arcfight,1
supppliments,1
hulunetflix,1
celtic,1
clothing,1
d4chan,1
adventre,1
fiend,1
treasuremagic,1
plausible,1
continuity,1
shield,1
success,1
wander,1
rmonsteraday,1
privately,1
represent,1
relaxing,1
pin,1
improvedinititive,1
httpshardsoflightandshadowobsidianportalcomwikistheworld,1
handmade,1
sountracks,1
todos,1
arm,1
teall,1
kassoon,1
grin,1
percentile,1
wikigoogle,1
slynfourish,1
joinme,1
hidden,1
penny,1
encouter,1
encounterlootitemetc,1
wanting,1
gyazo,1
carrying,1
replay,1
excessively,1
blogger,1
scenerymodels,1
beadsdeck,1
abbreviated,1
probly,1
destiny,1
attribute,1
civ,1
click,1
notebookcheat,1
nerdy,1
costuming,1
stitched,1
obsidion,1
dialogue,1
appleûªs,1
aka,1
mrmcskuzzy,1
sim,1
sanctum,1
runeartheredarcana,1
battlemats,1
coordinate,1
charmed,1
backup,1
wall,1
clarification,1
slaughter,1
ignore,1
foe,1
weve,1
5edmscreen,1
convenient,1
bookmovie,1
ch4,1
minitures,1
inexpensive,1
aint,1
dma,1
crb,1
ove,1
discordskype,1
geology,1
payday,1
province,1
builtin,1
goddamn,1
clublions,1
onthego,1
flashcards3x5,1
familiar,1
httpsdonjonbinsh5ecalcencsizehtml,1
nethys,1
scratching,1
notebookai,1
shaped,1
ounce,1
editing,1
fact,1
moviesshows,1
ù÷ä,1
electric,1
thesauruscom,1
halo,1
choose,1
propsmaps,1
mac,1
httpwww222paircomsjohnblueroomdemoghtm,1
300,1
erpg,1
worry,1
remotely,1
ctrlf,1
notebookpencil,1
forumsfacebookreddit,1
drivedocs,1
rubber,1
solve,1
pilot,1
fold,1
automagical,1
speedsheet,1
unusual,1
horde,1
select,1
foesgrimmtooths,1
dd5,1
textbook,1
goblinpunch,1
html,1
counting,1
honestly,1
farmhold,1
caffeinated,1
squarehex,1
goole,1
scrappaper,1
donjobbinsh,1
brew,1
workbook,1
whatsapp,1
nerf,1
extended,1
referente,1
klub,1
occupation,1
beneficial,1
thumbtack,1
httpkoboldclub,1
enviroment,1
minaturesicons,1
dhmholleycoukencountercalculator5th,1
fool,1
fightclub5e,1
onthestop,1
httphardcodexrueditor,1
figurine,1
travel,1
5es,1
krammerers,1
adult,1
httprptoolsnet,1
lucky,1
apoc,1
httpwwwbehindthenamecomrandomrandomphpnumber2genderbothsurnameallnousagecat1usageesp1usagefin1usagegal1usagehun1usageice1usagenor1usagermn1usageser1usageslk1usagesln1usageswe1usagewel1usageyor1usagegrem1usageromm1usagecelm1usagescam1usageindm1usagegrea1usageroma1usagecela1usagescaa1usagefairy1usagegoth1usagekk1usagewitch1usagefntsy1usagefntsg1usagefntsm1usagefntsr1usagefntss1usagefntst1usagefntsx1,1
lineless,1
amd,1
d100,1
ambience,1
macbook,1
forumsredditcoffee,1
onenotecampaign,1
medieval,1
screwdriver,1
hobgoblin,1
cheets,1
redditonlineresources,1
predesigned,1
rpga,1
markdownpad2,1
npcmonsterlandscape,1
gamemasterfight,1
unforeseen,1
vault,1
memorable,1
seemsome,1
photocopy,1
retrieval,1
kenzer,1
irc,1
kill,1
faction,1
initial,1
famous,1
multiplay,1
apprentice,1
bookset,1
enworldorder,1
deity,1
meditation,1
donjonnet,1
grimfantasy,1
puzzelsside,1
ttat,1
assistant,1
guidebook,1
goalsstory,1
icecast,1
shutdown,1
dmgmonsters,1
bowl,1
gming,1
entirety,1
campbell,1
imagesgooglecom,1
cat,1
grow,1
rewritten,1
strong,1
hurt,1
pantalla,1
smartphone,1
unfinished,1
monsterpdm,1
minor,1
brock,1
emergency,1
season,1
club5,1
java,1
guidephbmm,1
multiplier,1
brainsorming,1
crits,1
neatish,1
receiving,1
four,1
gap,1
sub,1
exact,1
green10,1
oldedition,1
plyer,1
indicate,1
labtop,1
imagine,1
gimp2,1
share,1
coloured,1
meal,1
streaming,1
slower,1
arizona,1
offthecuff,1
olde,1
attachment,1
dicebot,1
guildcom,1
elvish,1
lcd,1
microsoftr,1
devolop,1
eureka,1
prebuilt,1
podcastscritical,1
platemail,1
knight,1
nvalt,1
chance,1
knowledge,1
d4,1
weekly,1
hackslashmaster,1
applicable,1
doriddlescom,1
demeanour,1
head,1
visceral,1
nametown,1
daydreaming,1
mountain,1
described,1
sounding,1
boardmarkers,1
ywriter,1
rimaginarynetwork,1
therapeutic,1
white1,1
operate,1
rks,1
blue,1
losing,1
hdmi,1
hexographerdungeonographer,1
mumble,1
kobalt,1
musicsound,1
dmsguidecom,1
mote,1
boon,1
nm,1
company,1
save,1
cooperation,1
dndmagic,1
disable,1
architect,1
darksun,1
paged,1
sneaky,1
bsh,1
cd,1
minded,1
tutorial,1
papermini,1
pinto,1
stealingadapting,1
ideasinspiration,1
blogspot,1
consolation,1
inspired,1
redkatart,1
remote,1
tomfitmscenario,1
storyline,1
customization,1
5dropbox,1
friendsfamily,1
notecard,1
pafthfinder,1
quickref,1
dmb,1
peak,1
charactersloot,1
consumer,1
physic,1
direction,1
classically,1
druvethrurpg,1
opera,1
androidios,1
bbeg,1
koboldclubfightencounterbuilder,1
wstats,1
synth,1
incompetechs,1
saver,1
air,1
refence,1
gygax,1
deepnight,1
conjecture,1
grimore,1
rereading,1
monstrous,1
rendered,1
booksmovies,1
bookpdf,1
closed,1
pavilion,1
125,1
poisoned,1
npcitemlocation,1
rndbehindthescreen,1
handydandy,1
understanding,1
fedex,1
sheetsmats,1
math,1
hide,1
greatest,1
galeforce,1
film,1
wine,1
gurps,1
gianttip,1
weakened,1
slowed,1
immersive,1
orgainze,1
term,1
prepped,1
washer,1
priority,1
movement,1
npcplot,1
nuance,1
3roll20net,1
naturally,1
videogames,1
direct,1
encapsulated,1
presented,1
bigger,1
playerdriven,1
5x7,1
5ed,1
yt,1
tape,1
xampp,1
donjonbsh,1
knowing,1
5x10,1
stunning,1
juice,1
x2,1
report,1
genration,1
mistake,1
atmospheresound,1
determine,1
kobot,1
creatively,1
lc,1
hard,1
twist,1
pocket,1
certian,1
dungeom,1
noteblock,1
musical,1
allowing,1
eraseable,1
bic,1
sessionencounter,1
rollout,1
httpdonjonbinsh5e,1
paranoia,1
welchs,1
bloody,1
entity,1
cleaned,1
photocopied,1
roadside,1
house,1
danddwiki,1
phbdmg,1
elemental,1
daily,1
4chan,1
combined,1
museum,1
death,1
health,1
fait,1
listing,1
flashy,1
pelletiers,1
changed,1
simply,1
met,1
lamy,1
endless,1
backlog,1
solid,1
fc,1
25d,1
charter,1
kammers,1
rundown,1
fg,1
musiclighting,1
edditing,1
existing,1
usable,1
mercercritical,1
tree,1
hasted,1
water,1
flashcard,1
httpfantasynamegeneratorscomdimensionnamesphpv9yidvkrjhe,1
tabletlaptop,1
ticonderoga,1
fuck,1
questionsactions,1
ink,1
longterm,1
boom,1
drawable,1
timeline,1
wilderness,1
itube,1
acquisition,1
letter,1
translator,1
gdrive,1
lulzbot,1
bathtub,1
hombrewery,1
dot,1
wordfor,1
initiativecombat,1
todpoaeeitacosetc,1
googlemonster,1
httptheangrygmcomhowtotalktoplayerstheartofnarration,1
pas,1
preferably,1
pressure,1
matspaper,1
mentally,1
yanked,1
agenda,1
working,1
httpdmtoolstumblrcom,1
koblod,1
choice,1
rgp,1
foot,1
blogscampaign,1
citybooks,1
6x4,1
httpkoboldclubfightencounter,1
doesnt,1
sweet,1
scroll,1
accent,1
personally,1
radio,1
proper,1
booksonline,1
lack,1
customizing,1
enworlds,1
red5,1
scrolling,1
positioningmarching,1
gate,1
egg,1
hyperlink,1
wwwdndspellscom,1
skullduggery,1
kff,1
counted,1
5esrdorg,1
drop,1
labirynths,1
5cm,1
calligraphy,1
gamemaster5e,1
charactertotalpartykillca5e,1
pouch,1
adventuresadventure,1
imaginationimprovcomedy,1
jack,1
httpbetahardcodexru,1
undivided,1
orginal,1
onenoteipadpencil,1
diagetic,1
netbook,1
writewipe,1
publication,1
vivid,1
thunder,1
dmgsmmssourcebooks,1
2official,1
recipe,1
5room,1
cheesex,1
gauging,1
aventure,1
genie,1
brewed,1
dictionary,1
masterbook,1
major,1
fille,1
conan,1
35pf,1
license,1
machina,1
popular,1
mediacenter,1
weave,1
settingareapurpose,1
increase,1
wanted,1
clock,1
swift,1
mob,1
combine,1
pebble,1
sense,1
subteddit,1
orderly,1
beastiary,1
recoding,1
pinterestcom,1
admit,1
handing,1
apply,1
analog,1
serve,1
advantage,1
werasers,1
towndungeon,1
framed,1
villians,1
detachable,1
gridless,1
green,1
stuck,1
plagiarism,1
lotfor,1
xendrik,1
ebberonwiki,1
solution,1
joke,1
monter,1
royalty,1
gmtips,1
onedrive,1
paid,1
skirmish,1
audience,1
girlfriend,1
enimies,1
theater,1
jurassic,1
news,1
tone,1
dunno,1
ravenloftoh,1
abstractly,1
alt,1
liqour,1
httpsdonjonbinsh5erandomtypeencounternpc4level1difficultyanyenvironmentunderdark,1
comminuty,1
cheap,1
pencilsim,1
encountered,1
cold,1
hyperlinked,1
communication,1
implement,1
e5,1
5ft,1
httpwwwdungeonworldsrdcomgamemasteringtocmoves,1
service,1
prime,1
booksdmsguildother,1
case,1
randomness,1
unofficial,1
crib,1
marble,1
liberally,1
searched,1
hivemind,1
net,1
rpgnow,1
googleing,1
engineering,1
httpwwwaideddorgintro,1
soak,1
5000,1
describing,1
minatures,1
lexan,1
pfd,1
mc,1
procrastination,1
httpthecampaign20xxblogspotcom,1
downward,1
minster,1
sp,1
daydream,1
triassic,1
morepurplemorebetters,1
xsplitt,1
adaptable,1
steffens,1
stay,1
goblinists,1
gear,1
forumsdndnext,1
placecharacter,1
papper,1
download,1
docsdrive,1
doogle,1
halfhourglass,1
forgedanvil,1
stop,1
crowdfunded,1
0,1
nearby,1
tolkien,1
reade,1
prepairing,1
tootpicks,1
dmtoken,1
heroforgecom,1
series,1
record,1
dark,1
offer,1
rolld20,1
verisimilitude,1
cytube,1
tiddywiki,1
5egamemaster,1
coming,1
university,1
glossy,1
init,1
wgood,1
realmscritical,1
jones,1
rpgs,1
erratum,1
unaware,1
rationing,1
referencing,1
factionnpc,1
godsfall,1
rollmeone,1
docsnotebook,1
tabeltop,1
disrupt,1
dandwikicom,1
rally,1
thescreen,1
threadscharacterslocations,1
reduce,1
photocopierscanner,1
5edmg,1
sunk,1
pointer,1
donjonn,1
spellcasting,1
paranoid,1
outlet,1
programmed,1
booklet,1
bought,1
critthe,1
httpsmerricbcomdungeonsdragons5edungeonsdragons5eadventuresbylevel,1
gonjon,1
phandelever,1
popcorn,1
flying,1
monsternpc,1
musicsoundboards,1
collected,1
tvtropescom,1
wwwimprovedinitiativecom,1
rail,1
child,1
faster,1
combatant,1
lay,1
initiativeboard,1
stolen,1
field,1
hooked,1
brewing,1
ulysseys,1
geologically,1
redditcomrbehindthescreen,1
scavenge,1
gozzys,1
rng,1
advise,1
missed,1
monstersenemiesnpcs,1
wyloch,1
forme,1
cry,1
rotrodpotaetc,1
writesups,1
refill,1
typewriter,1
rrpg,1
goodreader,1
ttacker,1
leugren,1
tagged,1
independently,1
inhibition,1
waste,1
paperclip,1
michael,1
stack,1
phbee,1
persession,1
conscripted,1
handoutprop,1
realmsworks,1
seventh,1
handsaw,1
kanban,1
teaser,1
cocacola,1
elder,1
thrown,1
jenga,1
hoursweek,1
watched,1
bouncing,1
spredsheet,1
graphing,1
meetup,1
respective,1
mannerism,1
questionable,1
inspirationgeneration,1
task,1
magica,1
computerpdfs,1
handoutstuff,1
outa,1
slyflouish,1
opening,1
hardcodex,1
baldurs,1
incan,1
diferent,1
carda,1
buzzed,1
photopaint,1
includes,1
expensive,1
steel,1
fitzs,1
httpwwwmythweaverscomgeneratedungeonphp,1
influence,1
everton,1
safari,1
doublesided,1
exp,1
colorcoded,1
randomorg,1
requiring,1
function,1
correct,1
ac,1
blackboard,1
dndspellscomspells,1
saleable,1
slowly,1
customizable,1
pedion,1
massive,1
assembled,1
poppizzasubs,1
facetoface,1
guid,1
email,1
linqpad,1
follow,1
pbh,1
swan,1
stored,1
decent,1
7mm,1
bookmarked,1
skypeteamspeak,1
maze,1
visually,1
architecture,1
npcenemy,1
hourglass,1
washable,1
ultramodern5,1
prodnd,1
afraid,1
forumsothers,1
mindup,1
spray,1
csonline,1
nezurgals,1
squaresinch,1
wizkids,1
downloads,1
jriver,1
misc,1
playershandbook,1
filmsbooks,1
abyss,1
communicate,1
slyflourishcom,1
good3,1
doodle,1
mithgarthr,1
restrict,1
indicative,1
priest,1
bind,1
server,1
autodesks,1
cp,1
placement,1
legitimate,1
doujin,1
mercercollville,1
schoollol,1
bulleted,1
accessory,1
thief,1
miscellaneous,1
potion,1
mapgrid,1
scifi,1
numbersletters,1
interaction,1
leaf,1
intertwining,1
backround,1
apocalypse,1
meta,1
55,1
markov,1
legwork,1
buddhism,1
easyaccess,1
soundbard,1
yellow,1
rbehind,1
lusity,1
dmgadventure,1
generater,1
raw,1
onenotepreviously,1
3pathfinder,1
illustration,1
googlepinterest,1
lifting,1
shit,1
earth,1
body,1
toreskin,1
rgamertales,1
miniaturesa,1
mention,1
darkness,1
atwill,1
manualphbdmgmm,1
mapgraph,1
teamwork,1
released,1
project,1
liquor,1
settingterraina,1
compass,1
yed,1
monstersspellsmagic,1
googleredditinspiration,1
remake,1
exposition,1
fortuna,1
exploration,1
describes,1
unearthedarcana,1
shuffle,1
train,1
megauploads,1
hanging,1
mpmb,1
network,1
aar,1
gleaned,1
cs2,1
overview,1
redditcomdndnext,1
donjonbissh,1
gozzyscom,1
lacking,1
worrying,1
chartstables,1
structureselevationbig,1
roll20pinteresr,1
totem,1
augmenting,1
oneshot,1
youtubecom,1
pun,1
odds,1
calendar,1
advanced,1
forgoten,1
inquisitivness,1
dodecahedron,1
5thsrdcom,1
dndbehindthescreens,1
mercercolville,1
ocr,1
entertainment,1
pan,1
re,1
redditrdndbehindthesree,1
ofr,1
makingtweaking,1
complex,1
slew,1
plane,1
comabt,1
fart,1
rush,1
scribus,1
httpsdonjonbinsh5edungeon,1
pentapus,1
txt,1
spotifymusic,1
dnddougrich,1
trust,1
adjective,1
storiesbooks,1
booka,1
grown,1
httpwwwaideddorg,1
rulebookcampaign,1
naturalcrithomebrewerycom,1
dungeonencountertreasure,1
writeups,1
editable,1
produce,1
monstersmagic,1
improvisational,1
redkatarts,1
itabletop,1
httpautorolltablesgithubio,1
watch2gether,1
excelbased,1
adv,1
differs,1
manualtome,1
deeper,1
nowadays,1
dc,1
worda,1
threshold,1
adventureencounter,1
orc,1
prove,1
sirynscape,1
druid,1
pandora,1
behindthescreen,1
mixed,1
slide,1
goathead,1
alphabet,1
musicimagesword,1
sage,1
reputable,1
happy,1
painted,1
hot,1
blueprint,1
micrsoft,1
rpgambience,1
roleplayingtipscom,1
sentence,1
jotter,1
youtubesoundcloud,1
pdfphotoshop,1
sectioned,1
colour,1
stumbleuponcom,1
kalamar,1
xcel,1
review,1
orange,1
soundsit,1
pace,1
inencounter,1
donjin,1
booksphb,1
weaving,1
maptoolonenotekobold,1
finally,1
conceptualized,1
gimpshop,1
clarify,1
httpspixlrcomexpress,1
snark,1
donjonbis,1
fiendish,1
mobster,1
combo,1
ritsadndmonsternow,1
rely,1
semirandom,1
tumbler,1
schleyblando,1
pushpin,1
disclosure,1
designed,1
condensed,1
selfdesigned,1
flight,1
a3,1
status,1
appreciate,1
soundscape,1
checkem,1
asoftmurmurcom,1
grad,1
detailing,1
javascript,1
science,1
oota,1
noteboards,1
ephemera,1
close,1
bother,1
immerses,1
g2,1
usyally,1
imgur,1
papercraft,1
redditcomrdndnext,1
fodder,1
organisation,1
magicalfor,1
vestige,1
pinned,1
naturalcritcom,1
flipmaps,1
foraging,1
attention,1
monsterspell,1
charachter,1
resourses,1
opponent,1
a2,1
exclusively,1
loud,1
visavis,1
aidedndn,1
dongle,1
penpaperbook,1
customize,1
pub,1
booksmoviestv,1
membersdogs,1
foliage,1
captured,1
docssheets,1
dysons,1
redditcomrdndbehindthescreen,1
boardencounter,1
genarators,1
musicspecial,1
idead,1
wife,1
ddbooks,1
touching,1
copper,1
interney,1
100ft,1
zen,1
kolboldfightclub,1
aidedorg,1
norse,1
included,1
reprocasions,1
voracious,1
osr,1
weight,1
assimilate,1
accompanying,1
marijuana,1
burn,1
downloadedbought,1
artstationcom,1
youve,1
samsung,1
flesh,1
comparing,1
fanburst,1
dew,1
automatic,1
tokenstamp,1
campaigndungeon,1
poem,1
grab,1
keeper,1
everchanging,1
charactersdevelop,1
sceneryprops,1
dndinsider,1
menace,1
interner,1
ceiling,1
taylor,1
pixel,1
mapphotosart,1
cheating,1
greatly,1
dd5e,1
thesaurus,1
swapped,1
headstails,1
role20,1
run,1
terrainminis,1
speaking,1
attach,1
scrapple,1
revised,1
markdown,1
aidedd,1
preexisting,1
encyclopedia,1
wone,1
donjonbins,1
blue25,1
depicting,1
neat,1
spelljammer,1
suppository,1
abuseadvice,1
unearth,1
dicestream,1
httpscapsomereearthgkhsnetcommandnpcindexracecr,1
limit,1
plagiarizing,1
patch,1
pulling,1
mmcampaign,1
oerth,1
whichever,1
bottom,1
array,1
gm5e,1
lamp,1
addons,1
external,1
catacomb,1
url,1
5thed,1
relative,1
googel,1
deliberately,1
1donjon,1
hirst,1
donjinsh,1
premise,1
sketchpad,1
aide,1
weed,1
behindthetable,1
taker,1
corel,1
40,1
bombzens,1
column,1
adapted,1
homebrewing,1
djons,1
frame,1
smg,1
rimaginary,1
pcgen,1
audiodungeon,1
minispeaker,1
areaitemnpc,1
descending,1
httpwwwdandwikicomwikifriendlyd26d5edave27saltearthcampaign5ecampaignsetting,1
httpapprpgambiencecom,1
match,1
syrinscapedonjon,1
schoolers,1
doritos,1
1dot,1
httpwwwdmsguildcomproduct186823charactersheetmpmbsfullyautomatedprinterfriendlycharactergenerator,1
onlinephysical,1
len,1
spouse,1
1001,1
dollar,1
docsnotes,1
fillable,1
zenseekernetpaperminiatures,1
httpswww5thsrdorg,1
httpradaigithubiodnd5tools,1
2x4,1
housework,1
tvtropes,1
mapdry,1
4e5e,1
inspirstion,1
gleaning,1
rivendell,1
redditthe,1
historymissionquestsidequest,1
behindthetables,1
cigarette,1
asset,1
insanity,1
spellsmonsters,1
andriod,1
poison,1
giantass,1
nitropdf,1
httprolladvantagecom,1
resrouces,1
bookcampaign,1
learn,1
perfectly,1
litany,1
rpglockercom,1
npclocationfactionpc,1
provide,1
acrylic,1
tacttiles,1
neverwinter,1
fallenwyverns,1
miniaturestokens,1
imaginary,1
nondndplayers,1
flipmats,1
httpwwwdigitalwanderernetdarksun,1
statbock,1
kingdom,1
streamed,1
crministile,1
playable,1
audacious,1
laptopipad,1
encountrio,1
mirc,1
moster,1
circumstance,1
storiesvideo,1
gamemovieseries,1
bent,1
walking,1
5estyle,1
roll20skype,1
wipeable,1
custommade,1
httpdonjonbinsh5edungeon,1
sortable,1
bug,1
feeling,1
paperpens,1
intrigue,1
tracer,1
bubblus,1
dokuwiki,1
dedicated,1
healthbars,1
talent,1
viewing,1
selfmathing,1
changer,1
essential,1
scolville,1
volo,1
procedure,1
criaivity,1
slab,1
dia,1
dwarvenforgetilesets,1
modular,1
figth,1
spotfy,1
cheatsheet,1
1inch,1
colorchanging,1
c,1
phased,1
adderall,1
naturalcrits,1
hair,1
jons,1
required,1
fourthblightcom,1
pyromancerinkarnate,1
hexed,1
aeg,1
depending,1
progress,1
philosophy,1
lotr,1
tackle,1
letting,1
robe,1
sean,1
rinkworks,1
paperpen,1
vision,1
prepainted,1
graphic,1
fm,1
faust,1
doku,1
dndspellsnet,1
cert,1
altered,1
wormwood,1
musicatmosphere,1
kobladfightclub,1
engage,1
monstersnpcs,1
gasp,1
drivethrurpg,1
cell,1
fancy,1
fall,1
completely,1
trelloonenote,1
httpcrobigithubiorpgcards,1
pyromacerscom,1
vile,1
named,1
httptoolsgoblinistcom,1
adlibbing,1
inkcarnate,1
code,1
interest,1
slate,1
projecting,1
wondrous,1
dwarvenforge,1
sumo,1
spellmonster,1
rebalancing,1
sight,1
training,1
folio,1
whiteboardmaterial,1
wild,1
rpgbuddy,1
skypepeople,1
dealing,1
httpdonjonbinshd20,1
hitmiss,1
kabold,1
mapsartwork,1
refrence,1
trait,1
httpwww5edmscreencom,1
1the,1
soucebooks,1
gamesmaster5,1
scent,1
mary,1
ala,1
httpwwwgozzyscom,1
d20srd,1
printmake,1
reward,1
runup,1
chalk,1
pinning,1
encountershttpdialectsarchivecom,1
organize,1
actively,1
watchingreading,1
dmgphbadventure,1
opportunity,1
ibooks,1
genius,1
loved,1
updating,1
middlefingerofvecna,1
10cm,1
knowledgeable,1
bourbon,1
facecards,1
gif,1
handbookdm,1
arcknight,1
gathering,1
locationsnpcs,1
poundodice,1
talkin,1
itemsloot,1
gazzetters,1
tavle,1
arena,1
macleod,1
moodsettings,1
loosen,1
httpwwwtribalitycom20141003minions,1
quit,1
ulysses,1
sfx,1
index,1
worldarea,1
slack,1
1in,1
redblack,1
mediawiki,1
modifying,1
sdoddlers,1
dochub,1
forgiveness,1
critcrit,1
semitransparent,1
converter,1
laptoptablet,1
camera,1
mcgoverns,1
enterprise,1
prd,1
learned,1
goblist,1
guidance,1
corebooks,1
worldly,1
thebrain,1
inadequate,1
wilbur,1
occur,1
12,1
mold,1
monsterlocation,1
httpwwwseventhsanctumcomindexphp,1
higher,1
quiver,1
consume,1
developing,1
wwhothefuckisydndcharacter,1
npcstablesrandom,1
nerd,1
perfect,1
presentation,1
selected,1
figuring,1
manualstome,1
dryerasable,1
happening,1
protect,1
readied,1
canada,1
reinterpret,1
cutter,1
dmguild,1
httpswwwredditcomrdmtoolkit,1
httprpgtinkercomindexphp,1
encouters,1
penpaperpencil,1
samerian,1
cardspictures,1
mansion,1
nonsense,1
inkrates,1
stand,1
language,1
classtrade,1
126,1
survey,1
differentiate,1
mark,1
iiciative,1
rptoolsnet,1
tactic,1
httpwwwenworldorgforumrpgdownloadsphpdodownloaddownloadid1090,1
gereon,1
offical,1
homebrewerycom,1
mystery,1
wait,1
intarwebz,1
kobolclub,1
merric,1
photoshopmapping,1
notetakingcampaign,1
addon,1
virtually,1
laying,1
folding,1
collect,1
donjonbinshs,1
ebberon,1
usage,1
boob,1
materiel,1
crobigithubiorpgcardsgeneratorgeneratehtml,1
market,1
journaling,1
actualplay,1
wazoo,1
pack,1
sharp,1
ipads,1
load,1
reason,1
sceneencounter,1
layout,1
bandcamp,1
brainstorming,1
shot,1
triggered,1
discordvoice,1
checking,1
hexagonal,1
professional,1
organise,1
faerune,1
delete,1
builderskobold,1
worldspinner,1
booksadventure,1
branch,1
spelldeck,1
leatherbound,1
atlas,1
monsterencounter,1
logistics,1
gold,1
candle,1
dmonly,1
campaignloggercom,1
integrate,1
tarotesque,1
vecna,1
shameless,1
homebrewary,1
flattened,1
planningscheduling,1
dmgmmphb,1
drama,1
cherry,1
chatting,1
job,1
dmscreen,1
locally,1
appointed,1
insect,1
teasing,1
notepadexe,1
dungeonmaster,1
tailored,1
questscharactersencounters,1
vodka,1
listsgenerators,1
12b020nr,1
capacity,1
pathguys,1
larger,1
independent,1
sharia,1
chromebook,1
athasorg,1
clean,1
instrumental,1
stan,1
checklist,1
ooc,1
redditdndext,1
xmind,1
wikisfourms,1
spellfinding,1
efficient,1
translation,1
tribality,1
star,1
powder,1
ancient,1
broadcast,1
adnd,1
r20,1
xbox,1
orval,1
remaining,1
ua,1
remark,1
categorized,1
sharpener,1
leather,1
musichandoutsmapsnames,1
syrinscapespotify,1
roman,1
autocad,1
referencedm,1
wooooo,1
wrangler,1
battlematt,1
stub,1
httpswwwredditcomrmonsteraday,1
npchistory,1
psychology,1
1httpkoboldclubfightencounterbuilder,1
importantcharacter,1
toe,1
pyromancercom,1
prince,1
foobar2000,1
showsupernatural,1
identifying,1
assist,1
fractal,1
conflict,1
mapsand,1
musicplaylists,1
redditcomrmonsteraday,1
videogame,1
donjohn,1
disorder,1
sabbath,1
regurgitate,1
grimorie,1
writting,1
pixelmator,1
problemriddle,1
pininterest,1
thedmscraft,1
httpwwwthegmorgnpcsphp,1
httpwwwrandomgeneratorcomindexphptitlespecialallpages,1
pop,1
mortem,1
cyclopedia,1
versatility,1
tremendously,1
dmholley,1
devin,1
pro3,1
5edition,1
resourced,1
rpgsolocom,1
doodled,1
tabletopaudiospotifyitunes,1
test,1
incompetech,1
mapd,1
httpwwwlordbyngnetinspiration,1
bundle,1
screenessential,1
1d4chan,1
2roll20net,1
httpgoatheadsoftwarecom,1
traditional,1
sealing,1
effective,1
labgoogle,1
ddescriptions,1
roll20jukebox,1
canva,1
trashmob,1
doom,1
target,1
inseason,1
lollipop,1
trick,1
principle,1
incorporated,1
devious,1
gamemaster5,1
tablecloth,1
googlehangouts,1
warmed,1
supported,1
booksshort,1
